Param,Value
kh,2.5e-05
kon,10000000.0
koff,1000000000.0
MolecularWeight,766591.4814
NumLys,381.0
pH,7.0
klys_Q9P2L0_A_7,0.17725361401854856
klys_Q9P2L0_A_8,0.2501738959415069
klys_Q9P2L0_A_16,0.18408018605561494
klys_Q9P2L0_A_24,0.1751463177114161
klys_Q9P2L0_A_39,0.021313066797851762
klys_Q9P2L0_A_42,0.13129652772047412
klys_Q9P2L0_A_85,0.06599855493458867
klys_Q9P2L0_A_102,0.412913323095693
klys_Q9P2L0_A_115,0.15387924123352864
klys_Q9P2L0_A_129,0.12356191109845491
klys_Q9P2L0_A_152,0.2099996225266627
klys_Q9P2L0_A_155,0.2692753035167091
klys_Q9P2L0_A_169,0.24035318873650682
klys_Q9P2L0_A_192,0.24597262815058504
klys_Q9P2L0_A_194,0.19307928180916142
klys_Q9P2L0_A_275,0.22439554437097137
klys_Q9P2L0_A_300,0.34146570289148703
klys_Q9P2L0_A_304,0.38293672248621
klys_Q9P2L0_A_317,0.0854520436844927
klys_Q9P2L0_A_336,0.09635114008893708
klys_Q9P2L0_A_364,0.2289515769498781
klys_Q9P2L0_A_368,0.1923171438799118
klys_Q9P2L0_A_371,0.08126989133569995
klys_Q9P2L0_A_374,0.30848972452131784
klys_Q9P2L0_A_391,0.2110555566075278
klys_Q9P2L0_A_425,0.08007358903445246
klys_Q9P2L0_A_438,0.2546499880960813
klys_Q9P2L0_A_446,0.2380484821667898
klys_Q9P2L0_A_473,0.18375188976866244
klys_Q9P2L0_A_498,0.11424284108543964
klys_Q9P2L0_A_515,0.27861292278333566
klys_Q9P2L0_A_539,0.2455267963043506
klys_Q9P2L0_A_590,0.263492755898744
klys_Q9P2L0_A_600,0.1657838484401534
klys_Q9P2L0_A_603,0.2777584512979133
klys_Q9P2L0_A_614,0.13642492631407774
klys_Q9P2L0_A_644,0.14568601733720246
klys_Q9P2L0_A_653,0.3466352933798271
klys_Q9P2L0_A_660,0.22501296771235324
klys_Q9P2L0_A_680,0.4408155433180144
klys_Q9P2L0_A_684,0.20540377832603937
klys_Q9P2L0_A_709,0.33958086862922904
klys_Q9P2L0_A_723,0.21405247615684306
klys_Q9P2L0_A_729,0.22935568653077595
klys_Q9P2L0_A_732,0.16066665255991333
klys_Q9P2L0_A_736,0.40750388458206077
klys_Q9P2L0_A_743,0.06214170818930061
klys_Q9P2L0_A_776,0.11983090285620492
klys_Q9P2L0_A_788,0.3986798620202518
klys_Q9P2L0_A_815,0.2750799007669522
klys_Q9P2L0_A_857,0.4388041979974682
klys_Q9P2L0_A_881,0.11741968514892367
klys_Q9P2L0_A_886,0.14830333873694218
klys_Q9P2L0_A_900,0.1634519351113365
klys_Q9P2L0_A_906,0.1983888922146583
klys_Q9P2L0_A_911,0.22722771650673743
klys_Q9P2L0_A_927,0.12779728158959555
klys_Q9P2L0_A_929,0.22659549808108337
klys_Q9P2L0_A_939,0.10511611649639777
klys_Q9P2L0_A_948,0.3039855696960959
klys_Q9P2L0_A_952,0.1550596415789655
klys_Q9P2L0_A_959,0.2235383174584716
klys_Q9P2L0_A_960,0.1305088599782943
klys_Q9P2L0_A_963,0.10712989214296822
klys_Q9P2L0_A_968,0.0017524033713275868
klys_Q9P2L0_A_969,0.0822190737061191
klys_Q9P2L0_A_986,0.2877635195819765
klys_Q9P2L0_A_1050,0.2260057007162545
klys_Q9P2L0_A_1056,0.12159673357335961
klys_Q9P2L0_A_1086,0.19096214149614413
klys_Q9P2L0_A_1090,0.12886914934523164
klys_Q9P2L0_A_1092,0.09020380079949225
klys_Q9P2L0_A_1102,0.1678492147372526
klys_Q9P2L0_A_1115,0.11754961167794249
klys_Q9P2L0_A_1119,0.15379321642186802
klys_Q9P2L0_A_1136,0.36526007629109664
klys_Q9P2L0_A_1159,0.31816181930916
klys_Q9HBG6_B_10,0.30298402766472776
klys_Q9HBG6_B_21,0.13776405065987915
klys_Q9HBG6_B_50,0.385935982656422
klys_Q9HBG6_B_53,0.40720356995995094
klys_Q9HBG6_B_63,0.23572429224469685
klys_Q9HBG6_B_66,0.2640528533457816
klys_Q9HBG6_B_75,0.2399596204408305
klys_Q9HBG6_B_83,0.37325361911118876
klys_Q9HBG6_B_89,0.13507345917769953
klys_Q9HBG6_B_124,0.441435884487934
klys_Q9HBG6_B_128,0.08099463712291272
klys_Q9HBG6_B_130,0.3470220313147399
klys_Q9HBG6_B_134,0.1003936048459127
klys_Q9HBG6_B_161,0.1818586719693754
klys_Q9HBG6_B_166,0.22693099178146223
klys_Q9HBG6_B_168,0.2495341567005924
klys_Q9HBG6_B_219,0.35590420222735
klys_Q9HBG6_B_262,0.1572352203319259
klys_Q9HBG6_B_271,0.12050905601195838
klys_Q9HBG6_B_275,0.19005825581387464
klys_Q9HBG6_B_291,0.12317534814120996
klys_Q9HBG6_B_302,0.15425557127148642
klys_Q9HBG6_B_309,0.28661035544297064
klys_Q9HBG6_B_330,0.09112140063864492
klys_Q9HBG6_B_360,0.20389575605723081
klys_Q9HBG6_B_382,0.2884644945918128
klys_Q9HBG6_B_386,0.31186752960583825
klys_Q9HBG6_B_388,0.3455475195754231
klys_Q9HBG6_B_392,0.19390401894232925
klys_Q9HBG6_B_393,0.1182662212585381
klys_Q9HBG6_B_408,0.10063205169543657
klys_Q9HBG6_B_427,0.20398357440948459
klys_Q9HBG6_B_429,0.25973672944118686
klys_Q9HBG6_B_432,0.27697549707645414
klys_Q9HBG6_B_433,0.251688947286953
klys_Q9HBG6_B_452,0.21598614221540302
klys_Q9HBG6_B_463,0.24887797703002246
klys_Q9HBG6_B_477,0.1456996577859079
klys_Q9HBG6_B_493,0.2275990858886916
klys_Q9HBG6_B_499,0.038375640005603624
klys_Q9HBG6_B_512,0.3053323671218445
klys_Q9HBG6_B_527,0.1746014833035161
klys_Q9HBG6_B_528,0.07079388847957993
klys_Q9HBG6_B_546,0.26085748005755194
klys_Q9HBG6_B_579,0.018545288508896376
klys_Q9HBG6_B_589,0.17470752000888357
klys_Q9HBG6_B_601,0.21691381912862834
klys_Q9HBG6_B_628,0.3328348398303584
klys_Q9HBG6_B_631,0.33883141666256444
klys_Q9HBG6_B_663,0.14122529027749603
klys_Q9HBG6_B_664,0.1810804193209149
klys_Q9HBG6_B_685,0.2073325603970259
klys_Q9HBG6_B_686,0.39207048717682885
klys_Q9HBG6_B_705,0.15719910242821064
klys_Q9HBG6_B_711,0.3207493185110199
klys_Q9HBG6_B_714,0.2572963400302604
klys_Q9HBG6_B_736,0.24133971840560978
klys_Q9HBG6_B_745,0.1905901785494884
klys_Q9HBG6_B_748,0.11410807857499382
klys_Q9HBG6_B_753,0.24428360390592405
klys_Q9HBG6_B_762,0.14510057616484298
klys_Q9HBG6_B_765,0.17062917842508116
klys_Q9HBG6_B_779,0.22935900887209226
klys_Q9HBG6_B_799,0.38193686231600804
klys_Q9HBG6_B_802,0.15632819748001175
klys_Q9HBG6_B_816,0.13489819251263716
klys_Q9HBG6_B_817,0.21973691124323033
klys_Q9HBG6_B_830,0.1914804935068109
klys_Q9HBG6_B_835,0.16641857396524212
klys_Q9HBG6_B_856,0.22048213098875463
klys_Q9HBG6_B_861,0.07218728149154686
klys_Q9HBG6_B_883,0.15165884702823026
klys_Q9HBG6_B_887,0.18237345744458947
klys_Q9HBG6_B_935,0.16718996097824176
klys_Q9HBG6_B_941,0.2621196438244898
klys_Q9HBG6_B_987,0.271506897317773
klys_Q9HBG6_B_995,0.12346950322701905
klys_Q9HBG6_B_997,0.06560112971754628
klys_Q9HBG6_B_1004,0.21687623436796205
klys_Q9HBG6_B_1007,0.13870234095327313
klys_Q9HBG6_B_1021,0.24464963309584592
klys_Q9HBG6_B_1033,0.15291532639914251
klys_Q9HBG6_B_1045,0.09506931707000946
klys_Q9HBG6_B_1184,0.059809564079081716
klys_Q9HBG6_B_1236,0.24384179491994834
klys_Q8NEZ3_C_2,0.3510672485523051
klys_Q8NEZ3_C_10,0.45598531282929616
klys_Q8NEZ3_C_23,0.1509127276399529
klys_Q8NEZ3_C_39,0.04638121138475166
klys_Q8NEZ3_C_47,0.24542376877446648
klys_Q8NEZ3_C_64,0.27486992230744817
klys_Q8NEZ3_C_75,0.5050758492393335
klys_Q8NEZ3_C_88,0.3358614828622839
klys_Q8NEZ3_C_107,0.24551119414704578
klys_Q8NEZ3_C_118,0.3252654767620275
klys_Q8NEZ3_C_131,0.22925988482555876
klys_Q8NEZ3_C_137,0.007033606294996402
klys_Q8NEZ3_C_140,0.267951139039902
klys_Q8NEZ3_C_160,0.21376514599963783
klys_Q8NEZ3_C_190,0.2967217069027865
klys_Q8NEZ3_C_208,0.2959057364199883
klys_Q8NEZ3_C_209,0.2880475206574192
klys_Q8NEZ3_C_275,0.3606916103132868
klys_Q8NEZ3_C_289,0.06673067513183767
klys_Q8NEZ3_C_299,0.1065584758095361
klys_Q8NEZ3_C_307,0.36902171967211445
klys_Q8NEZ3_C_320,0.33914483082812097
klys_Q8NEZ3_C_349,0.14766868404595548
klys_Q8NEZ3_C_419,0.330739649310261
klys_Q8NEZ3_C_420,0.27438084555937114
klys_Q8NEZ3_C_422,0.21140108094362986
klys_Q8NEZ3_C_447,0.22435075155259632
klys_Q8NEZ3_C_475,0.26488190554685753
klys_Q8NEZ3_C_518,0.2013109736948047
klys_Q8NEZ3_C_519,0.1988698176242563
klys_Q8NEZ3_C_535,0.3377182265326583
klys_Q8NEZ3_C_559,0.22426480227336054
klys_Q8NEZ3_C_570,0.21422667544424107
klys_Q8NEZ3_C_580,0.2075627072646016
klys_Q8NEZ3_C_588,0.14355166403981828
klys_Q8NEZ3_C_595,0.18978936274767635
klys_Q8NEZ3_C_603,0.4423951635553815
klys_Q8NEZ3_C_609,0.15877589483109003
klys_Q8NEZ3_C_626,0.2661159121191012
klys_Q8NEZ3_C_642,0.25426819290610525
klys_Q8NEZ3_C_660,0.14653491648225192
klys_Q8NEZ3_C_714,0.2518648650688849
klys_Q8NEZ3_C_767,0.3249036476781773
klys_Q8NEZ3_C_779,0.1021188215228988
klys_Q8NEZ3_C_800,0.23625045238518982
klys_Q8NEZ3_C_807,0.34736504914429955
klys_Q8NEZ3_C_836,0.2017896867653936
klys_Q8NEZ3_C_843,0.05530389421026084
klys_Q8NEZ3_C_854,0.18685336249782666
klys_Q8NEZ3_C_865,0.17064282557646981
klys_Q8NEZ3_C_871,0.06215290858980424
klys_Q8NEZ3_C_880,0.10674858438259457
klys_Q8NEZ3_C_884,0.03216825288769494
klys_Q8NEZ3_C_896,0.1354453802795253
klys_Q8NEZ3_C_903,0.2659722261403361
klys_Q8NEZ3_C_905,0.055254734311927824
klys_Q8NEZ3_C_912,0.324870035951405
klys_Q8NEZ3_C_922,0.17231764989476572
klys_Q8NEZ3_C_940,0.2450785784232077
klys_Q8NEZ3_C_955,0.11596243005119287
klys_Q8NEZ3_C_978,0.3726179411175054
klys_Q8NEZ3_C_992,0.16240387074009044
klys_Q8NEZ3_C_1021,0.23713290908132093
klys_Q8NEZ3_C_1028,0.06908580876238263
klys_Q8NEZ3_C_1041,0.08949057606679434
klys_Q8NEZ3_C_1045,0.1946434895829048
klys_Q8NEZ3_C_1066,0.19158730311318775
klys_Q8NEZ3_C_1087,0.1451479931682389
klys_Q8NEZ3_C_1090,0.09294737420101735
klys_Q8NEZ3_C_1100,0.3692223427913288
klys_Q8NEZ3_C_1137,0.12968006391588868
klys_Q8NEZ3_C_1140,0.40684664085289945
klys_Q8NEZ3_C_1142,0.2554599191353026
klys_Q8NEZ3_C_1161,0.39862272948376704
klys_Q8NEZ3_C_1165,0.3066703666561136
klys_Q8NEZ3_C_1171,0.08329504801550593
klys_Q8NEZ3_C_1185,0.16308529808385605
klys_Q8NEZ3_C_1207,0.17298571348666678
klys_Q8NEZ3_C_1225,0.31682590688037976
klys_Q8NEZ3_C_1229,0.33185335512218206
klys_Q8NEZ3_C_1231,0.19830225314771968
klys_Q8NEZ3_C_1232,0.40687778439627087
klys_Q8NEZ3_C_1233,0.22442769436357693
klys_Q8NEZ3_C_1257,0.38758510593067613
klys_Q8NEZ3_C_1271,0.08189741486415231
klys_Q8NEZ3_C_1286,0.22066677928081468
klys_Q8NEZ3_C_1305,0.2713133111196134
klys_Q8NEZ3_C_1327,0.3256928873273978
klys_Q8NEZ3_C_1328,0.30971924350269264
klys_Q7Z4L5_D_7,0.13910712013773854
klys_Q7Z4L5_D_31,0.22590528776615212
klys_Q7Z4L5_D_52,0.20059809708162638
klys_Q7Z4L5_D_64,0.20668327643699952
klys_Q7Z4L5_D_66,0.26952393448791195
klys_Q7Z4L5_D_82,0.681135758182957
klys_Q7Z4L5_D_100,0.2663430921415888
klys_Q7Z4L5_D_104,0.34397969266241846
klys_Q7Z4L5_D_109,0.17522186318787902
klys_Q7Z4L5_D_126,0.1743433270243658
klys_Q7Z4L5_D_136,0.3581940627223216
klys_Q7Z4L5_D_142,0.2080429030664482
klys_Q7Z4L5_D_148,0.059898885853662424
klys_Q7Z4L5_D_157,0.26967800731451275
klys_Q7Z4L5_D_162,0.2837781489681556
klys_Q7Z4L5_D_163,0.20242389440382894
klys_Q7Z4L5_D_166,0.3075713226595681
klys_Q7Z4L5_D_184,0.17445031552812038
klys_Q7Z4L5_D_217,0.08767618485586469
klys_Q7Z4L5_D_218,0.44203141552604136
klys_Q7Z4L5_D_220,0.15720480014077257
klys_Q7Z4L5_D_265,0.2775486825208871
klys_Q7Z4L5_D_269,0.12632470422611727
klys_Q7Z4L5_D_308,0.1252786501767708
klys_Q7Z4L5_D_341,0.350930560947257
klys_Q7Z4L5_D_345,0.3125398685363074
klys_Q7Z4L5_D_348,0.24700201560714927
klys_Q7Z4L5_D_393,0.4724026456781476
klys_Q7Z4L5_D_407,0.20725973966381103
klys_Q7Z4L5_D_408,0.24719750823648687
klys_Q7Z4L5_D_410,0.2249719435598757
klys_Q7Z4L5_D_442,0.2297283275848127
klys_Q7Z4L5_D_500,0.08733889325856284
klys_Q7Z4L5_D_502,0.04256587702947078
klys_Q7Z4L5_D_541,0.25581815872070646
klys_Q7Z4L5_D_543,0.2926891736978293
klys_Q7Z4L5_D_558,0.36034636267527376
klys_Q7Z4L5_D_569,0.1821925954114596
klys_Q7Z4L5_D_574,0.13955228390620716
klys_Q7Z4L5_D_575,0.23844202899970035
klys_Q7Z4L5_D_584,0.32273280122022346
klys_Q7Z4L5_D_596,0.2975235406387812
klys_Q7Z4L5_D_603,0.4566018306334449
klys_Q7Z4L5_D_605,0.47455521605656475
klys_Q7Z4L5_D_608,0.5045930073920973
klys_Q7Z4L5_D_638,0.29679965938976494
klys_Q7Z4L5_D_693,0.0642604823395915
klys_Q7Z4L5_D_700,0.27356188232366613
klys_Q7Z4L5_D_703,0.22438780034079753
klys_Q7Z4L5_D_705,0.2092077705206787
klys_Q7Z4L5_D_754,0.10274914618871721
klys_Q7Z4L5_D_761,0.06809727077877509
klys_Q7Z4L5_D_764,0.36617403078008176
klys_Q7Z4L5_D_768,0.2102983414448012
klys_Q7Z4L5_D_784,0.42448654688580945
klys_Q7Z4L5_D_788,0.132445197393296
klys_Q7Z4L5_D_801,0.23371768067407078
klys_Q7Z4L5_D_803,0.2874458557008483
klys_Q7Z4L5_D_807,0.24286011997529613
klys_Q7Z4L5_D_810,0.3436184444561647
klys_Q7Z4L5_D_839,0.28547929164685115
klys_Q7Z4L5_D_843,0.26860293236135235
klys_Q7Z4L5_D_846,0.20498113536841897
klys_Q7Z4L5_D_866,0.3793436554601945
klys_Q7Z4L5_D_880,0.21555408475437093
klys_Q7Z4L5_D_892,0.20677109315920955
klys_Q7Z4L5_D_902,0.11245930073156468
klys_Q7Z4L5_D_905,0.2973328090128605
klys_Q7Z4L5_D_919,0.34531943873500526
klys_Q7Z4L5_D_965,0.32507733836927466
klys_Q7Z4L5_D_982,0.05690634914296171
klys_Q7Z4L5_D_1001,0.27594839996363346
klys_Q7Z4L5_D_1014,0.4194919325552426
klys_Q7Z4L5_D_1020,0.26800661189949077
klys_Q7Z4L5_D_1029,0.1242502972835287
klys_Q7Z4L5_D_1048,0.30059804602096424
klys_Q7Z4L5_D_1051,0.33937032536745054
klys_Q7Z4L5_D_1093,0.21579916417867914
klys_Q7Z4L5_D_1106,0.2262903361050855
klys_Q7Z4L5_D_1109,0.36589115812569667
klys_Q7Z4L5_D_1112,0.278957736473914
klys_Q7Z4L5_D_1134,0.39207850217485896
klys_Q7Z4L5_D_1136,0.34177574141751704
klys_Q7Z4L5_D_1154,0.32514974900900484
klys_Q7Z4L5_D_1171,0.3206867187887338
klys_Q7Z4L5_D_1181,0.23765866592686355
klys_Q7Z4L5_D_1185,0.38087703014060825
klys_Q7Z4L5_D_1198,0.188528499542723
klys_Q7Z4L5_D_1212,0.18134707998457286
klys_Q7Z4L5_D_1221,0.21290811305924132
klys_Q7Z4L5_D_1232,0.06575226985825822
klys_Q7Z4L5_D_1243,0.2677906513213865
klys_Q7Z4L5_D_1259,0.25698551052045354
klys_Q7Z4L5_D_1271,0.18031743029926559
klys_Q7Z4L5_D_1278,0.2081860607802703
klys_Q7Z4L5_D_1280,0.3298190628161884
klys_Q7Z4L5_D_1301,0.3368851231616105
klys_Q7Z4L5_D_1304,0.3509658178803141
klys_Q7Z4L5_D_1309,0.2769406417447118
klys_Q96RY7_E_453,0.1528373465296094
klys_Q96RY7_E_512,0.276751784570905
klys_Q96RY7_E_544,0.055659289502156734
klys_Q96RY7_E_554,0.20916434919297927
klys_Q96RY7_E_598,0.18724527433447993
klys_Q96RY7_E_615,0.16166255939364946
klys_Q96RY7_E_644,0.3555526810321094
klys_Q96RY7_E_733,0.259138082186942
klys_Q96RY7_E_770,0.2585029900294721
klys_Q96RY7_E_793,0.15982013969642295
klys_Q96RY7_E_796,0.10192452648378844
klys_Q96RY7_E_799,0.46860353686712536
klys_Q96RY7_E_813,0.19741107155509133
klys_Q96RY7_E_821,0.09659148698983593
klys_Q96RY7_E_868,0.36106367260392486
klys_Q96RY7_E_870,0.35201081674226326
klys_Q96RY7_E_877,0.2085628645002639
klys_Q96RY7_E_926,0.2605829416727021
klys_Q96RY7_E_951,0.3179607140603702
klys_Q96RY7_E_953,0.3320316609498514
klys_Q96RY7_E_955,0.11630703813221115
klys_Q96RY7_E_999,0.1659570829740729
klys_Q96RY7_E_1040,0.10301304584857995
klys_Q96RY7_E_1047,0.08529577119197182
klys_Q96RY7_E_1077,0.2247183936924351
klys_Q96RY7_E_1090,0.32290761389377476
klys_Q96RY7_E_1096,0.1708751245696252
klys_Q96FT9_F_127,0.21520853857383052
klys_Q96FT9_F_141,0.16211526624255992
klys_Q96FT9_F_155,0.18674753283710077
klys_Q96FT9_F_159,0.30616760749987676
kon_xl_Q9P2L0_A_7_Q9P2L0_A_8,39613304.909649275
kon_xl_Q9P2L0_A_7_Q9P2L0_A_16,3140803.9620969635
kon_xl_Q9P2L0_A_7_Q9P2L0_A_24,245922755.14150774
kon_xl_Q9P2L0_A_7_Q9P2L0_A_39,8521001.090788774
kon_xl_Q9P2L0_A_7_Q9P2L0_A_42,857981001.090085
kon_xl_Q9P2L0_A_7_Q9P2L0_A_300,882478333.8572307
kon_xl_Q9P2L0_A_7_Q9P2L0_A_304,71225720.98759133
kon_xl_Q9P2L0_A_7_Q9P2L0_A_317,287597304.6788559
kon_xl_Q9P2L0_A_7_Q9P2L0_A_614,772822834.8277863
kon_xl_Q9P2L0_A_7_Q9P2L0_A_653,90974639.84887578
kon_xl_Q9P2L0_A_8_Q9P2L0_A_16,79102858.66446212
kon_xl_Q9P2L0_A_8_Q9P2L0_A_24,7136490.989772774
kon_xl_Q9P2L0_A_8_Q9P2L0_A_39,4025775.424495884
kon_xl_Q9P2L0_A_8_Q9P2L0_A_42,299493016.9534401
kon_xl_Q9P2L0_A_8_Q9P2L0_A_300,823878356.6372477
kon_xl_Q9P2L0_A_8_Q9P2L0_A_304,532548644.5219419
kon_xl_Q9P2L0_A_8_Q9P2L0_A_317,775510194.6259712
kon_xl_Q9P2L0_A_8_Q9P2L0_A_614,682241980.3426695
kon_xl_Q9P2L0_A_8_Q9P2L0_A_653,2562537.5845354074
kon_xl_Q9P2L0_A_16_Q9P2L0_A_39,4195410.110759983
kon_xl_Q9P2L0_A_16_Q9P2L0_A_275,91191875.0939902
kon_xl_Q9P2L0_A_16_Q9P2L0_A_300,1732683.011521337
kon_xl_Q9P2L0_A_16_Q9P2L0_A_304,406586285.76098955
kon_xl_Q9P2L0_A_24_Q9P2L0_A_42,992821710.247074
kon_xl_Q9P2L0_A_24_Q9P2L0_A_102,10988724.195364766
kon_xl_Q9P2L0_A_24_Q9P2L0_A_317,844076360.6384333
kon_xl_Q9P2L0_A_24_Q9P2L0_A_336,8549113.354313547
kon_xl_Q9P2L0_A_24_Q9P2L0_A_653,888720219.4487739
kon_xl_Q9P2L0_A_39_Q9P2L0_A_102,1132042.7921816406
kon_xl_Q9P2L0_A_42_Q9P2L0_A_102,819090379.4389635
kon_xl_Q9P2L0_A_42_Q9P2L0_A_317,802676867.6058385
kon_xl_Q9P2L0_A_42_Q9P2L0_A_614,3054987.718731375
kon_xl_Q9P2L0_A_42_Q9P2L0_A_653,693186886.2789669
kon_xl_Q9P2L0_A_85_Q9P2L0_A_102,720982090.6633843
kon_xl_Q9P2L0_A_85_Q9P2L0_A_129,4721886.512895528
kon_xl_Q9P2L0_A_102_Q9P2L0_A_653,1877483.4900485007
kon_xl_Q9P2L0_A_115_Q9P2L0_A_152,999436914.7455328
kon_xl_Q9P2L0_A_115_Q9P2L0_A_155,774436083.6078326
kon_xl_Q9P2L0_A_129_Q9P2L0_A_169,568328592.1849122
kon_xl_Q9P2L0_A_152_Q9P2L0_A_155,348970448.7309811
kon_xl_Q9P2L0_A_152_Q9P2L0_A_169,9292870.048594367
kon_xl_Q9P2L0_A_152_Q9P2L0_A_192,202582393.26036203
kon_xl_Q9HBG6_B_161_Q9P2L0_A_152,681973878.1910875
kon_xl_Q9HBG6_B_166_Q9P2L0_A_152,371466850.4936794
kon_xl_Q9P2L0_A_155_Q9P2L0_A_192,975588080.6058748
kon_xl_Q9P2L0_A_155_Q9P2L0_A_194,199900492.46917054
kon_xl_Q9HBG6_B_124_Q9P2L0_A_155,344680510.8140543
kon_xl_Q9HBG6_B_161_Q9P2L0_A_155,781233646.024114
kon_xl_Q9HBG6_B_166_Q9P2L0_A_155,33868266.70004508
kon_xl_Q9HBG6_B_161_Q9P2L0_A_169,127863265.1210702
kon_xl_Q9HBG6_B_166_Q9P2L0_A_169,71454407.4950811
kon_xl_Q9HBG6_B_271_Q9P2L0_A_169,4106856.141286648
kon_xl_Q9HBG6_B_291_Q9P2L0_A_169,361194850.40120316
kon_xl_Q9HBG6_B_309_Q9P2L0_A_169,30765806.194073673
kon_xl_Q9P2L0_A_192_Q9P2L0_A_194,355485806.06925863
kon_xl_Q9HBG6_B_66_Q9P2L0_A_192,809877027.5826223
kon_xl_Q9HBG6_B_83_Q9P2L0_A_192,1732683.011521337
kon_xl_Q9HBG6_B_124_Q9P2L0_A_192,436921803.3010859
kon_xl_Q9HBG6_B_161_Q9P2L0_A_192,691240661.281764
kon_xl_Q9HBG6_B_21_Q9P2L0_A_194,56259492.18169305
kon_xl_Q9HBG6_B_66_Q9P2L0_A_194,898555462.4269723
kon_xl_Q9HBG6_B_83_Q9P2L0_A_194,120814181.44656272
kon_xl_Q9HBG6_B_124_Q9P2L0_A_194,68498598.61732449
kon_xl_Q9HBG6_B_161_Q9P2L0_A_194,43786256.8840602
kon_xl_Q9HBG6_B_219_Q9P2L0_A_194,1965613.2758730417
kon_xl_Q9P2L0_A_275_Q9P2L0_A_300,720712815.9756942
kon_xl_Q9P2L0_A_275_Q9P2L0_A_304,454732169.07103217
kon_xl_Q9P2L0_A_300_Q9P2L0_A_304,629041863.0418543
kon_xl_Q9P2L0_A_300_Q9P2L0_A_590,4973584.229445191
kon_xl_Q9P2L0_A_300_Q9P2L0_A_614,737899208.0876637
kon_xl_Q9P2L0_A_317_Q9P2L0_A_336,1938980.1889436047
kon_xl_Q9P2L0_A_317_Q9P2L0_A_614,862290302.0854112
kon_xl_Q9P2L0_A_317_Q9P2L0_A_653,995288302.1629211
kon_xl_Q9P2L0_A_336_Q9P2L0_A_374,68039311.90243076
kon_xl_Q9P2L0_A_336_Q9P2L0_A_391,809683784.334766
kon_xl_Q9P2L0_A_336_Q9P2L0_A_438,138132047.85393336
kon_xl_Q9P2L0_A_336_Q9P2L0_A_446,123029032.66549955
kon_xl_Q9P2L0_A_336_Q9P2L0_A_600,992265176.4224119
kon_xl_Q9P2L0_A_336_Q9P2L0_A_603,147266242.81511974
kon_xl_Q9P2L0_A_336_Q9P2L0_A_653,968719685.6004162
kon_xl_Q9P2L0_A_364_Q9P2L0_A_368,529925767.48791456
kon_xl_Q9P2L0_A_364_Q9P2L0_A_438,43643296.66889557
kon_xl_Q9P2L0_A_364_Q9P2L0_A_600,2680312.3124935906
kon_xl_Q9P2L0_A_364_Q9P2L0_A_603,171729626.9965807
kon_xl_Q9P2L0_A_364_Q9P2L0_A_644,350285262.1310023
kon_xl_Q9P2L0_A_364_Q9P2L0_A_660,287198745.4944858
kon_xl_Q9P2L0_A_364_Q9P2L0_A_723,5054953.482192444
kon_xl_Q9P2L0_A_364_Q9P2L0_A_815,1530975.4587018946
kon_xl_Q9HBG6_B_664_Q9P2L0_A_364,53695736.5139008
kon_xl_Q9HBG6_B_705_Q9P2L0_A_364,2891805.6435179994
kon_xl_Q9P2L0_A_368_Q9P2L0_A_371,810668949.4048883
kon_xl_Q9P2L0_A_368_Q9P2L0_A_374,29829581.74084018
kon_xl_Q9P2L0_A_368_Q9P2L0_A_653,26518174.189798042
kon_xl_Q9P2L0_A_368_Q9P2L0_A_660,963501499.3935374
kon_xl_Q9P2L0_A_368_Q9P2L0_A_815,427917184.9580973
kon_xl_Q9HBG6_B_360_Q9P2L0_A_368,4245583.041381702
kon_xl_Q9HBG6_B_382_Q9P2L0_A_368,19704564.48957391
kon_xl_Q9HBG6_B_601_Q9P2L0_A_368,630738761.2377245
kon_xl_Q9HBG6_B_664_Q9P2L0_A_368,1411242.0148918065
kon_xl_Q9P2L0_A_371_Q9P2L0_A_374,598732987.3083694
kon_xl_Q9P2L0_A_371_Q9P2L0_A_391,977744826.7117647
kon_xl_Q9P2L0_A_371_Q9P2L0_A_425,33581950.48768589
kon_xl_Q9P2L0_A_371_Q9P2L0_A_815,45345748.969421245
kon_xl_Q9HBG6_B_360_Q9P2L0_A_371,26004469.925904717
kon_xl_Q9HBG6_B_382_Q9P2L0_A_371,356695169.1438045
kon_xl_Q9HBG6_B_589_Q9P2L0_A_371,673823469.0947862
kon_xl_Q9HBG6_B_601_Q9P2L0_A_371,565462319.1914536
kon_xl_Q9P2L0_A_374_Q9P2L0_A_391,196430591.9813993
kon_xl_Q9P2L0_A_374_Q9P2L0_A_425,100051846.92861538
kon_xl_Q9P2L0_A_374_Q9P2L0_A_446,2117773.597124665
kon_xl_Q9HBG6_B_291_Q9P2L0_A_374,97162382.81886044
kon_xl_Q9HBG6_B_382_Q9P2L0_A_374,146572007.46857348
kon_xl_Q9HBG6_B_589_Q9P2L0_A_374,978685858.7046884
kon_xl_Q9HBG6_B_601_Q9P2L0_A_374,573798811.7476557
kon_xl_Q9P2L0_A_391_Q9P2L0_A_425,5399225.617290853
kon_xl_Q9P2L0_A_391_Q9P2L0_A_446,608302223.5253747
kon_xl_Q9HBG6_B_291_Q9P2L0_A_391,29748728.59865015
kon_xl_Q9HBG6_B_589_Q9P2L0_A_391,978378890.369186
kon_xl_Q9HBG6_B_601_Q9P2L0_A_391,37794990.94928426
kon_xl_Q9P2L0_A_425_Q9P2L0_A_473,357636511.9519122
kon_xl_Q9HBG6_B_579_Q9P2L0_A_425,2201705.221924727
kon_xl_Q9HBG6_B_589_Q9P2L0_A_425,387790104.8112252
kon_xl_Q9P2L0_A_438_Q9P2L0_A_515,877497217.7459065
kon_xl_Q9P2L0_A_438_Q9P2L0_A_600,985028362.7803258
kon_xl_Q9P2L0_A_438_Q9P2L0_A_603,420514626.71287477
kon_xl_Q9P2L0_A_438_Q9P2L0_A_644,218027280.953141
kon_xl_Q9P2L0_A_438_Q9P2L0_A_723,3319234.6191171696
kon_xl_Q9HBG6_B_705_Q9P2L0_A_438,52653486.92671052
kon_xl_Q9P2L0_A_446_Q9P2L0_A_498,1037780.9249495743
kon_xl_Q9HBG6_B_579_Q9P2L0_A_473,45589752.229863934
kon_xl_Q9HBG6_B_589_Q9P2L0_A_473,999980628.4114449
kon_xl_Q9HBG6_B_628_Q9P2L0_A_473,52450264.41808785
kon_xl_Q9P2L0_A_498_Q9P2L0_A_539,7041222.511266706
kon_xl_Q9P2L0_A_515_Q9P2L0_A_539,7473718.414772672
kon_xl_Q9P2L0_A_515_Q9P2L0_A_600,691240661.281764
kon_xl_Q9P2L0_A_515_Q9P2L0_A_603,802676867.6058385
kon_xl_Q9HBG6_B_705_Q9P2L0_A_515,1889791.285324417
kon_xl_Q9P2L0_A_539_Q9P2L0_A_590,8634058.77700566
kon_xl_Q9P2L0_A_590_Q9P2L0_A_614,52027794.67591672
kon_xl_Q9P2L0_A_600_Q9P2L0_A_603,364649952.052719
kon_xl_Q9P2L0_A_600_Q9P2L0_A_644,223428383.20741752
kon_xl_Q9P2L0_A_603_Q9P2L0_A_644,958801642.2971284
kon_xl_Q9P2L0_A_603_Q9P2L0_A_660,2571475.873087528
kon_xl_Q9P2L0_A_603_Q9P2L0_A_723,78004928.96587528
kon_xl_Q9HBG6_B_705_Q9P2L0_A_603,42094758.55706614
kon_xl_Q9P2L0_A_614_Q9P2L0_A_653,3820573.6503121844
kon_xl_Q9P2L0_A_644_Q9P2L0_A_660,700487366.9831299
kon_xl_Q9P2L0_A_653_Q9P2L0_A_660,93660258.38879183
kon_xl_Q9P2L0_A_680_Q9P2L0_A_684,817772705.624489
kon_xl_Q9P2L0_A_680_Q9P2L0_A_709,994052487.6380819
kon_xl_Q9HBG6_B_762_Q9P2L0_A_680,9127477.87698694
kon_xl_Q9P2L0_A_684_Q9P2L0_A_709,423731948.66561186
kon_xl_Q9P2L0_A_684_Q9P2L0_A_732,192992746.0512701
kon_xl_Q9P2L0_A_684_Q9P2L0_A_736,16983298.17404977
kon_xl_Q9P2L0_A_684_Q9P2L0_A_743,85049973.47118878
kon_xl_Q9HBG6_B_753_Q9P2L0_A_684,28407917.962290645
kon_xl_Q9HBG6_B_762_Q9P2L0_A_684,374355500.04900646
kon_xl_Q9HBG6_B_765_Q9P2L0_A_684,18221116.60095973
kon_xl_Q9HBG6_B_779_Q9P2L0_A_684,299004759.12670434
kon_xl_Q9HBG6_B_817_Q9P2L0_A_684,2852355.3757701227
kon_xl_Q9P2L0_A_709_Q9P2L0_A_729,1260860.4319297122
kon_xl_Q9P2L0_A_709_Q9P2L0_A_732,254276648.2508693
kon_xl_Q9P2L0_A_709_Q9P2L0_A_736,170326353.63299963
kon_xl_Q9P2L0_A_709_Q9P2L0_A_743,992219682.9881411
kon_xl_Q9HBG6_B_753_Q9P2L0_A_709,1685181.9735203842
kon_xl_Q9HBG6_B_762_Q9P2L0_A_709,59629300.14743057
kon_xl_Q9HBG6_B_779_Q9P2L0_A_709,3252798.512069045
kon_xl_Q9HBG6_B_705_Q9P2L0_A_723,709611752.517329
kon_xl_Q9HBG6_B_711_Q9P2L0_A_723,4836843.678373853
kon_xl_Q9HBG6_B_736_Q9P2L0_A_723,31067908.445779916
kon_xl_Q9HBG6_B_762_Q9P2L0_A_723,75559916.15989618
kon_xl_Q9HBG6_B_765_Q9P2L0_A_723,1701628.351369315
kon_xl_Q9P2L0_A_729_Q9P2L0_A_732,31093054.761621132
kon_xl_Q9P2L0_A_729_Q9P2L0_A_736,398055351.42050207
kon_xl_Q9P2L0_A_729_Q9P2L0_A_743,27717241.231035575
kon_xl_Q9P2L0_A_729_Q9P2L0_A_776,474686540.0312881
kon_xl_Q9HBG6_B_686_Q9P2L0_A_729,3121449.8607503637
kon_xl_Q9HBG6_B_745_Q9P2L0_A_729,30419796.36152118
kon_xl_Q9HBG6_B_748_Q9P2L0_A_729,6350858.354346871
kon_xl_Q9HBG6_B_753_Q9P2L0_A_729,979346794.1519816
kon_xl_Q9HBG6_B_779_Q9P2L0_A_729,3264583.6646428383
kon_xl_Q8NEZ3_C_1257_Q9P2L0_A_729,559780936.3799784
kon_xl_Q8NEZ3_C_1271_Q9P2L0_A_729,611053550.9161776
kon_xl_Q9P2L0_A_732_Q9P2L0_A_736,39613304.909649275
kon_xl_Q9P2L0_A_732_Q9P2L0_A_743,789979728.1710194
kon_xl_Q9P2L0_A_732_Q9P2L0_A_776,210557426.71651602
kon_xl_Q9HBG6_B_745_Q9P2L0_A_732,189621863.34421036
kon_xl_Q9HBG6_B_748_Q9P2L0_A_732,84502829.30320162
kon_xl_Q9HBG6_B_753_Q9P2L0_A_732,904943147.4854398
kon_xl_Q9HBG6_B_762_Q9P2L0_A_732,1600202.980168832
kon_xl_Q9HBG6_B_779_Q9P2L0_A_732,89738705.82988088
kon_xl_Q8NEZ3_C_1257_Q9P2L0_A_732,999864384.6121354
kon_xl_Q8NEZ3_C_1271_Q9P2L0_A_732,488915959.59002423
kon_xl_Q8NEZ3_C_1286_Q9P2L0_A_732,59343645.044914246
kon_xl_Q9P2L0_A_736_Q9P2L0_A_743,968771951.9182055
kon_xl_Q9P2L0_A_736_Q9P2L0_A_776,182841774.64985454
kon_xl_Q9HBG6_B_686_Q9P2L0_A_736,5874719.461030341
kon_xl_Q9HBG6_B_745_Q9P2L0_A_736,141449567.34837353
kon_xl_Q9HBG6_B_748_Q9P2L0_A_736,15160970.127128746
kon_xl_Q9HBG6_B_753_Q9P2L0_A_736,729767712.1822377
kon_xl_Q9HBG6_B_779_Q9P2L0_A_736,30519920.150940593
kon_xl_Q8NEZ3_C_1257_Q9P2L0_A_736,357636511.9519122
kon_xl_Q8NEZ3_C_1271_Q9P2L0_A_736,989762070.3350484
kon_xl_Q8NEZ3_C_1286_Q9P2L0_A_736,733989399.3513222
kon_xl_Q9HBG6_B_753_Q9P2L0_A_743,4429950.135808792
kon_xl_Q8NEZ3_C_1257_Q9P2L0_A_743,54255819.68623608
kon_xl_Q9HBG6_B_631_Q9P2L0_A_776,316317744.6706906
kon_xl_Q9HBG6_B_663_Q9P2L0_A_776,393049927.85369945
kon_xl_Q9HBG6_B_664_Q9P2L0_A_776,479278598.99829423
kon_xl_Q9HBG6_B_685_Q9P2L0_A_776,597994931.1285415
kon_xl_Q9HBG6_B_686_Q9P2L0_A_776,842910076.5698339
kon_xl_Q8NEZ3_C_1271_Q9P2L0_A_776,678795185.7595719
kon_xl_Q9P2L0_A_788_Q9P2L0_A_815,2083989.4542922184
kon_xl_Q8NEZ3_C_1142_Q9P2L0_A_788,1701628.351369315
kon_xl_Q8NEZ3_C_1185_Q9P2L0_A_788,607507626.602248
kon_xl_Q9HBG6_B_360_Q9P2L0_A_815,709395854.2607231
kon_xl_Q9HBG6_B_477_Q9P2L0_A_815,6615155.388820858
kon_xl_Q9HBG6_B_601_Q9P2L0_A_815,973569828.7345827
kon_xl_Q9HBG6_B_664_Q9P2L0_A_815,10616013.098076316
kon_xl_Q9P2L0_A_857_Q9P2L0_A_881,50150878.13940494
kon_xl_Q9P2L0_A_857_Q9P2L0_A_886,581528012.5426434
kon_xl_Q9HBG6_B_527_Q9P2L0_A_857,510830290.8187046
kon_xl_Q9HBG6_B_528_Q9P2L0_A_857,87304388.04779786
kon_xl_Q9HBG6_B_546_Q9P2L0_A_857,1106781.5828956724
kon_xl_Q9HBG6_B_628_Q9P2L0_A_857,1393049.383938493
kon_xl_Q9HBG6_B_631_Q9P2L0_A_857,616843843.0416073
kon_xl_Q9HBG6_B_663_Q9P2L0_A_857,2019287.2068797122
kon_xl_Q9HBG6_B_664_Q9P2L0_A_857,4635952.855630409
kon_xl_Q9HBG6_B_685_Q9P2L0_A_857,1023120.5230534204
kon_xl_Q9HBG6_B_686_Q9P2L0_A_857,3040622.6288418993
kon_xl_Q8NEZ3_C_1231_Q9P2L0_A_857,1436655.4471047756
kon_xl_Q8NEZ3_C_1232_Q9P2L0_A_857,5173012.467556934
kon_xl_Q8NEZ3_C_1233_Q9P2L0_A_857,5167079.440187277
kon_xl_Q9P2L0_A_881_Q9P2L0_A_886,295465249.3915818
kon_xl_Q9P2L0_A_881_Q9P2L0_A_900,757260000.3686461
kon_xl_Q9P2L0_A_881_Q9P2L0_A_906,47890782.56907486
kon_xl_Q8NEZ3_C_1225_Q9P2L0_A_881,28995391.287810788
kon_xl_Q8NEZ3_C_1229_Q9P2L0_A_881,12765070.637264855
kon_xl_Q8NEZ3_C_1231_Q9P2L0_A_881,572002264.196236
kon_xl_Q8NEZ3_C_1232_Q9P2L0_A_881,615703586.963935
kon_xl_Q8NEZ3_C_1233_Q9P2L0_A_881,22927520.98941335
kon_xl_Q9P2L0_A_886_Q9P2L0_A_906,243522312.9088131
kon_xl_Q9P2L0_A_886_Q9P2L0_A_911,993660445.7070073
kon_xl_Q9HBG6_B_499_Q9P2L0_A_886,4883411.695356995
kon_xl_Q9HBG6_B_512_Q9P2L0_A_886,2215776.4275504835
kon_xl_Q9HBG6_B_527_Q9P2L0_A_886,59814834.68333292
kon_xl_Q9HBG6_B_528_Q9P2L0_A_886,10139276.007471489
kon_xl_Q9HBG6_B_546_Q9P2L0_A_886,289102381.4807068
kon_xl_Q8NEZ3_C_1232_Q9P2L0_A_886,1090672.884831125
kon_xl_Q9P2L0_A_900_Q9P2L0_A_906,802227422.7650632
kon_xl_Q9P2L0_A_900_Q9P2L0_A_911,8023767.143866046
kon_xl_Q9P2L0_A_900_Q9P2L0_A_929,7268372.703089271
kon_xl_Q9P2L0_A_900_Q9P2L0_A_939,259000143.1175857
kon_xl_Q9P2L0_A_900_Q9P2L0_A_986,26050741.61847995
kon_xl_Q9P2L0_A_906_Q9P2L0_A_911,196430591.9813993
kon_xl_Q9P2L0_A_906_Q9P2L0_A_939,470250664.505299
kon_xl_Q9P2L0_A_906_Q9P2L0_A_948,11277737.052979281
kon_xl_Q9P2L0_A_906_Q9P2L0_A_986,999369909.2480978
kon_xl_Q9P2L0_A_911_Q9P2L0_A_939,3641839.5857106447
kon_xl_Q9P2L0_A_911_Q9P2L0_A_948,64058863.701414876
kon_xl_Q9P2L0_A_911_Q9P2L0_A_986,74282076.81739251
kon_xl_Q9P2L0_A_927_Q9P2L0_A_929,282212094.84451866
kon_xl_Q9P2L0_A_927_Q9P2L0_A_939,47190646.2070721
kon_xl_Q9P2L0_A_927_Q9P2L0_A_948,87304388.04779786
kon_xl_Q9P2L0_A_927_Q9P2L0_A_952,510830290.8187046
kon_xl_Q9P2L0_A_927_Q9P2L0_A_959,41013789.874522656
kon_xl_Q9P2L0_A_927_Q9P2L0_A_960,69816416.63870443
kon_xl_Q9HBG6_B_452_Q9P2L0_A_927,838869757.0184318
kon_xl_Q9HBG6_B_463_Q9P2L0_A_927,41208281.803030014
kon_xl_Q9HBG6_B_493_Q9P2L0_A_927,142039899.91048363
kon_xl_Q9HBG6_B_512_Q9P2L0_A_927,827042437.9860077
kon_xl_Q9HBG6_B_546_Q9P2L0_A_927,9171356.543149892
kon_xl_Q7Z4L5_D_1014_Q9P2L0_A_927,220807833.69251767
kon_xl_Q9P2L0_A_929_Q9P2L0_A_939,710430661.8501084
kon_xl_Q9P2L0_A_929_Q9P2L0_A_948,19055675.7109008
kon_xl_Q9P2L0_A_929_Q9P2L0_A_952,823878356.6372477
kon_xl_Q9P2L0_A_929_Q9P2L0_A_959,118979329.89746557
kon_xl_Q9P2L0_A_929_Q9P2L0_A_960,339612294.4089719
kon_xl_Q9P2L0_A_929_Q9P2L0_A_963,5608290.540739174
kon_xl_Q9HBG6_B_452_Q9P2L0_A_929,976870379.164615
kon_xl_Q9HBG6_B_463_Q9P2L0_A_929,565902098.8327856
kon_xl_Q9HBG6_B_493_Q9P2L0_A_929,8131254.606625155
kon_xl_Q9HBG6_B_512_Q9P2L0_A_929,277192853.8007919
kon_xl_Q9HBG6_B_546_Q9P2L0_A_929,1405722.95997081
kon_xl_Q7Z4L5_D_1014_Q9P2L0_A_929,74785753.2548007
kon_xl_Q9P2L0_A_939_Q9P2L0_A_986,75197079.05811973
kon_xl_Q9HBG6_B_463_Q9P2L0_A_939,119785144.32355586
kon_xl_Q9P2L0_A_948_Q9P2L0_A_952,51510675.3073829
kon_xl_Q9P2L0_A_948_Q9P2L0_A_959,930207851.9230398
kon_xl_Q9P2L0_A_948_Q9P2L0_A_960,150704218.46315467
kon_xl_Q9P2L0_A_948_Q9P2L0_A_986,16121289.290777074
kon_xl_Q7Z4L5_D_700_Q9P2L0_A_948,154737453.30346373
kon_xl_Q7Z4L5_D_703_Q9P2L0_A_948,35215754.81266781
kon_xl_Q9P2L0_A_952_Q9P2L0_A_959,280303873.4995333
kon_xl_Q9P2L0_A_952_Q9P2L0_A_960,999121632.4257324
kon_xl_Q9P2L0_A_952_Q9P2L0_A_963,4561398.31633381
kon_xl_Q7Z4L5_D_575_Q9P2L0_A_952,1111472.0092189978
kon_xl_Q7Z4L5_D_700_Q9P2L0_A_952,113195724.17762662
kon_xl_Q7Z4L5_D_703_Q9P2L0_A_952,25234966.3573084
kon_xl_Q7Z4L5_D_1014_Q9P2L0_A_952,1660965.0451924927
kon_xl_Q9P2L0_A_959_Q9P2L0_A_960,98611254.81936476
kon_xl_Q9P2L0_A_959_Q9P2L0_A_963,295465249.3915818
kon_xl_Q9P2L0_A_959_Q9P2L0_A_1056,9394887.222720183
kon_xl_Q9P2L0_A_959_Q9P2L0_A_1090,96169875.92654912
kon_xl_Q9P2L0_A_959_Q9P2L0_A_1102,1754550.2786664248
kon_xl_Q7Z4L5_D_693_Q9P2L0_A_959,1002033.2067868565
kon_xl_Q7Z4L5_D_700_Q9P2L0_A_959,482870024.48640233
kon_xl_Q7Z4L5_D_703_Q9P2L0_A_959,157175721.36729875
kon_xl_Q7Z4L5_D_705_Q9P2L0_A_959,4528688.224115645
kon_xl_Q7Z4L5_D_982_Q9P2L0_A_959,20485058.346802548
kon_xl_Q7Z4L5_D_1014_Q9P2L0_A_959,234907589.36124483
kon_xl_Q7Z4L5_D_1020_Q9P2L0_A_959,1637393.508174828
kon_xl_Q7Z4L5_D_1048_Q9P2L0_A_959,1109494.9069964162
kon_xl_Q7Z4L5_D_1051_Q9P2L0_A_959,6214989.378446951
kon_xl_Q96FT9_F_155_Q9P2L0_A_959,6490984.725976847
kon_xl_Q96FT9_F_159_Q9P2L0_A_959,642538737.4085251
kon_xl_Q9P2L0_A_960_Q9P2L0_A_963,873327461.7531086
kon_xl_Q9P2L0_A_960_Q9P2L0_A_969,58636514.502114125
kon_xl_Q7Z4L5_D_700_Q9P2L0_A_960,2527559.006814994
kon_xl_Q7Z4L5_D_982_Q9P2L0_A_960,37805254.027246624
kon_xl_Q7Z4L5_D_1014_Q9P2L0_A_960,936608515.0560286
kon_xl_Q7Z4L5_D_1020_Q9P2L0_A_960,252804512.09709057
kon_xl_Q7Z4L5_D_1048_Q9P2L0_A_960,102614486.2508014
kon_xl_Q7Z4L5_D_1051_Q9P2L0_A_960,77813218.42129344
kon_xl_Q96FT9_F_155_Q9P2L0_A_960,110013288.83622384
kon_xl_Q96FT9_F_159_Q9P2L0_A_960,999558796.3952639
kon_xl_Q9P2L0_A_963_Q9P2L0_A_969,754406142.0128152
kon_xl_Q9HBG6_B_463_Q9P2L0_A_963,32546542.87349155
kon_xl_Q7Z4L5_D_1014_Q9P2L0_A_963,58130693.39767614
kon_xl_Q7Z4L5_D_1020_Q9P2L0_A_963,935969602.3589844
kon_xl_Q7Z4L5_D_1029_Q9P2L0_A_963,2892371.267480563
kon_xl_Q7Z4L5_D_1048_Q9P2L0_A_963,588819569.810286
kon_xl_Q7Z4L5_D_1051_Q9P2L0_A_963,550898885.7212201
kon_xl_Q96FT9_F_141_Q9P2L0_A_963,2582636.900132531
kon_xl_Q96FT9_F_155_Q9P2L0_A_963,584709200.0569357
kon_xl_Q96FT9_F_159_Q9P2L0_A_963,816508605.2731189
kon_xl_Q9P2L0_A_968_Q9P2L0_A_969,41319385.20128973
kon_xl_Q9HBG6_B_463_Q9P2L0_A_969,17015108.07182385
kon_xl_Q7Z4L5_D_1020_Q9P2L0_A_969,3192811.1665508877
kon_xl_Q96FT9_F_159_Q9P2L0_A_969,1254123.8513470232
kon_xl_Q9P2L0_A_986_Q9P2L0_A_1159,912627588.480711
kon_xl_Q9P2L0_A_1050_Q9P2L0_A_1056,997444279.2981777
kon_xl_Q9P2L0_A_1050_Q9P2L0_A_1086,814466007.8496387
kon_xl_Q9P2L0_A_1050_Q9P2L0_A_1090,5423822.694620191
kon_xl_Q9P2L0_A_1050_Q9P2L0_A_1119,110251249.44982916
kon_xl_Q9P2L0_A_1050_Q9P2L0_A_1136,866170476.7210044
kon_xl_Q7Z4L5_D_700_Q9P2L0_A_1050,3174374.686168981
kon_xl_Q7Z4L5_D_703_Q9P2L0_A_1050,523179015.05043924
kon_xl_Q7Z4L5_D_705_Q9P2L0_A_1050,602007813.5825216
kon_xl_Q9P2L0_A_1056_Q9P2L0_A_1086,292110692.94832087
kon_xl_Q9P2L0_A_1056_Q9P2L0_A_1090,824122574.1946328
kon_xl_Q9P2L0_A_1056_Q9P2L0_A_1092,3319234.6191171696
kon_xl_Q9P2L0_A_1056_Q9P2L0_A_1119,172251684.59195834
kon_xl_Q9P2L0_A_1056_Q9P2L0_A_1136,999728651.4823458
kon_xl_Q7Z4L5_D_700_Q9P2L0_A_1056,976734338.1315526
kon_xl_Q7Z4L5_D_703_Q9P2L0_A_1056,703296410.5629393
kon_xl_Q7Z4L5_D_705_Q9P2L0_A_1056,700487366.9831299
kon_xl_Q7Z4L5_D_768_Q9P2L0_A_1056,12369272.198853401
kon_xl_Q9P2L0_A_1086_Q9P2L0_A_1090,837099057.5647464
kon_xl_Q9P2L0_A_1086_Q9P2L0_A_1115,1562109.0224525142
kon_xl_Q9P2L0_A_1086_Q9P2L0_A_1119,326028070.74992657
kon_xl_Q9P2L0_A_1086_Q9P2L0_A_1136,410595570.3530733
kon_xl_Q7Z4L5_D_700_Q9P2L0_A_1086,194532785.01854655
kon_xl_Q7Z4L5_D_703_Q9P2L0_A_1086,720982090.6633843
kon_xl_Q7Z4L5_D_705_Q9P2L0_A_1086,990755835.9697175
kon_xl_Q9P2L0_A_1090_Q9P2L0_A_1092,890131674.0511773
kon_xl_Q9P2L0_A_1090_Q9P2L0_A_1102,483622686.33361626
kon_xl_Q9P2L0_A_1090_Q9P2L0_A_1136,14631735.394269453
kon_xl_Q7Z4L5_D_693_Q9P2L0_A_1090,59564138.00498064
kon_xl_Q7Z4L5_D_700_Q9P2L0_A_1090,964474483.587911
kon_xl_Q7Z4L5_D_703_Q9P2L0_A_1090,939110342.9122279
kon_xl_Q7Z4L5_D_705_Q9P2L0_A_1090,999821300.9963776
kon_xl_Q7Z4L5_D_761_Q9P2L0_A_1090,570922507.656522
kon_xl_Q7Z4L5_D_764_Q9P2L0_A_1090,933276776.8974282
kon_xl_Q7Z4L5_D_768_Q9P2L0_A_1090,660417038.4253781
kon_xl_Q7Z4L5_D_801_Q9P2L0_A_1090,2218805.092620374
kon_xl_Q9P2L0_A_1092_Q9P2L0_A_1102,51510675.3073829
kon_xl_Q7Z4L5_D_693_Q9P2L0_A_1092,2414804.05068383
kon_xl_Q7Z4L5_D_700_Q9P2L0_A_1092,6586758.304052032
kon_xl_Q7Z4L5_D_703_Q9P2L0_A_1092,1932649.3167359412
kon_xl_Q7Z4L5_D_705_Q9P2L0_A_1092,4455778.871552736
kon_xl_Q7Z4L5_D_761_Q9P2L0_A_1092,934340473.7255119
kon_xl_Q7Z4L5_D_764_Q9P2L0_A_1092,493817218.77717644
kon_xl_Q7Z4L5_D_768_Q9P2L0_A_1092,387790104.8112252
kon_xl_Q7Z4L5_D_801_Q9P2L0_A_1092,940684748.4632109
kon_xl_Q7Z4L5_D_803_Q9P2L0_A_1092,121686470.60994045
kon_xl_Q7Z4L5_D_839_Q9P2L0_A_1092,37137575.58210939
kon_xl_Q7Z4L5_D_843_Q9P2L0_A_1092,4801035.277084104
kon_xl_Q7Z4L5_D_919_Q9P2L0_A_1092,4543382.664474331
kon_xl_Q7Z4L5_D_502_Q9P2L0_A_1102,1773292.7280364453
kon_xl_Q7Z4L5_D_700_Q9P2L0_A_1102,1647881.6862423122
kon_xl_Q7Z4L5_D_761_Q9P2L0_A_1102,504225923.5338725
kon_xl_Q7Z4L5_D_764_Q9P2L0_A_1102,998995478.365987
kon_xl_Q7Z4L5_D_768_Q9P2L0_A_1102,350285262.1310023
kon_xl_Q7Z4L5_D_801_Q9P2L0_A_1102,995323772.2695539
kon_xl_Q7Z4L5_D_803_Q9P2L0_A_1102,248396218.69844487
kon_xl_Q7Z4L5_D_839_Q9P2L0_A_1102,194532785.01854655
kon_xl_Q7Z4L5_D_843_Q9P2L0_A_1102,45195427.076072685
kon_xl_Q7Z4L5_D_919_Q9P2L0_A_1102,122785339.6772736
kon_xl_Q7Z4L5_D_1112_Q9P2L0_A_1102,1449761.854960074
kon_xl_Q96FT9_F_155_Q9P2L0_A_1102,4686887.119542621
kon_xl_Q9P2L0_A_1115_Q9P2L0_A_1119,978970364.7893611
kon_xl_Q7Z4L5_D_801_Q9P2L0_A_1115,999629625.4527144
kon_xl_Q7Z4L5_D_803_Q9P2L0_A_1115,449833589.76943445
kon_xl_Q7Z4L5_D_807_Q9P2L0_A_1115,176962420.94754085
kon_xl_Q7Z4L5_D_839_Q9P2L0_A_1115,29087320.86443829
kon_xl_Q7Z4L5_D_843_Q9P2L0_A_1115,247192018.77800086
kon_xl_Q7Z4L5_D_1051_Q9P2L0_A_1115,36207098.42825877
kon_xl_Q7Z4L5_D_1106_Q9P2L0_A_1115,12887358.06331436
kon_xl_Q7Z4L5_D_1109_Q9P2L0_A_1115,501902370.43132406
kon_xl_Q7Z4L5_D_1112_Q9P2L0_A_1115,918050072.6581552
kon_xl_Q96FT9_F_155_Q9P2L0_A_1115,463430744.42819333
kon_xl_Q9P2L0_A_1119_Q9P2L0_A_1136,8983878.935439007
kon_xl_Q7Z4L5_D_703_Q9P2L0_A_1119,6350858.354346871
kon_xl_Q7Z4L5_D_705_Q9P2L0_A_1119,59403963.462520264
kon_xl_Q7Z4L5_D_803_Q9P2L0_A_1119,90828636.1934052
kon_xl_Q7Z4L5_D_807_Q9P2L0_A_1119,14956895.67588719
kon_xl_Q9P2L0_A_1136_Q9P2L0_A_1159,796568581.1447932
kon_xl_Q7Z4L5_D_700_Q9P2L0_A_1136,619041924.7431548
kon_xl_Q7Z4L5_D_703_Q9P2L0_A_1136,420514626.71287477
kon_xl_Q7Z4L5_D_705_Q9P2L0_A_1136,419722261.4250675
kon_xl_Q7Z4L5_D_700_Q9P2L0_A_1159,1701628.351369315
kon_xl_Q7Z4L5_D_703_Q9P2L0_A_1159,147563090.00942615
kon_xl_Q7Z4L5_D_705_Q9P2L0_A_1159,6520213.125480604
kon_xl_Q9HBG6_B_10_Q9HBG6_B_50,29601608.291549943
kon_xl_Q9HBG6_B_10_Q9HBG6_B_302,50150878.13940494
kon_xl_Q7Z4L5_D_1259_Q9HBG6_B_10,2755721.195303642
kon_xl_Q7Z4L5_D_1280_Q9HBG6_B_10,123626259.29499365
kon_xl_Q9HBG6_B_21_Q9HBG6_B_66,553200443.3142214
kon_xl_Q9HBG6_B_21_Q9HBG6_B_83,399056129.5138687
kon_xl_Q9HBG6_B_21_Q9HBG6_B_330,61124954.22720631
kon_xl_Q9HBG6_B_50_Q9HBG6_B_53,334148815.67757946
kon_xl_Q9HBG6_B_50_Q9HBG6_B_66,1752513.784008558
kon_xl_Q9HBG6_B_50_Q9HBG6_B_75,336236110.0474686
kon_xl_Q9HBG6_B_50_Q9HBG6_B_83,991854568.9183234
kon_xl_Q9HBG6_B_50_Q9HBG6_B_89,994335216.7239317
kon_xl_Q9HBG6_B_50_Q9HBG6_B_219,897939805.9616565
kon_xl_Q7Z4L5_D_1280_Q9HBG6_B_50,4292686.478484301
kon_xl_Q9HBG6_B_53_Q9HBG6_B_75,711321305.5985221
kon_xl_Q9HBG6_B_53_Q9HBG6_B_83,17408037.346624844
kon_xl_Q9HBG6_B_53_Q9HBG6_B_89,730903719.4821502
kon_xl_Q9HBG6_B_53_Q9HBG6_B_128,23068395.042173356
kon_xl_Q9HBG6_B_53_Q9HBG6_B_134,7366020.015309855
kon_xl_Q9HBG6_B_53_Q9HBG6_B_219,995824859.8272098
kon_xl_Q7Z4L5_D_1278_Q9HBG6_B_53,19681124.416622598
kon_xl_Q7Z4L5_D_1280_Q9HBG6_B_53,308830987.74396884
kon_xl_Q7Z4L5_D_1309_Q9HBG6_B_53,1073408.1517947002
kon_xl_Q9HBG6_B_63_Q9HBG6_B_66,1030823.3259109941
kon_xl_Q9HBG6_B_63_Q9HBG6_B_291,980396547.7343533
kon_xl_Q9HBG6_B_63_Q9HBG6_B_330,570262857.4590038
kon_xl_Q9HBG6_B_66_Q9HBG6_B_83,288736083.72950846
kon_xl_Q9HBG6_B_66_Q9HBG6_B_124,349419382.4571794
kon_xl_Q9HBG6_B_66_Q9HBG6_B_161,2345930.9160325397
kon_xl_Q9HBG6_B_66_Q9HBG6_B_219,539854150.6277258
kon_xl_Q9HBG6_B_66_Q9HBG6_B_330,2546349.8631368573
kon_xl_Q9HBG6_B_75_Q9HBG6_B_89,995782694.7562464
kon_xl_Q9HBG6_B_75_Q9HBG6_B_124,2766271.213806593
kon_xl_Q9HBG6_B_75_Q9HBG6_B_128,909364023.2992526
kon_xl_Q9HBG6_B_75_Q9HBG6_B_130,198166507.00288856
kon_xl_Q9HBG6_B_75_Q9HBG6_B_134,486479586.2695087
kon_xl_Q9HBG6_B_75_Q9HBG6_B_219,115617026.89599217
kon_xl_Q7Z4L5_D_1278_Q9HBG6_B_75,6695107.111580153
kon_xl_Q7Z4L5_D_1280_Q9HBG6_B_75,157150950.34337872
kon_xl_Q7Z4L5_D_1309_Q9HBG6_B_75,127958448.00141999
kon_xl_Q9HBG6_B_83_Q9HBG6_B_89,4412813.188096473
kon_xl_Q9HBG6_B_83_Q9HBG6_B_124,12689211.149123592
kon_xl_Q9HBG6_B_83_Q9HBG6_B_219,929043659.7792047
kon_xl_Q9HBG6_B_83_Q9HBG6_B_330,3294952.464174801
kon_xl_Q9HBG6_B_89_Q9HBG6_B_124,162804239.2320494
kon_xl_Q9HBG6_B_89_Q9HBG6_B_128,154260634.78606963
kon_xl_Q9HBG6_B_89_Q9HBG6_B_130,2596849.898642864
kon_xl_Q9HBG6_B_89_Q9HBG6_B_219,825800143.8265653
kon_xl_Q9HBG6_B_124_Q9HBG6_B_128,192831279.45245302
kon_xl_Q9HBG6_B_124_Q9HBG6_B_130,127471754.45490728
kon_xl_Q9HBG6_B_124_Q9HBG6_B_161,539854150.6277258
kon_xl_Q9HBG6_B_124_Q9HBG6_B_219,790178969.8641133
kon_xl_Q9HBG6_B_128_Q9HBG6_B_130,390449482.7118264
kon_xl_Q9HBG6_B_128_Q9HBG6_B_134,86354337.64804202
kon_xl_Q9HBG6_B_128_Q9HBG6_B_166,12928307.794777859
kon_xl_Q9HBG6_B_128_Q9HBG6_B_168,9638459.72412152
kon_xl_Q9HBG6_B_130_Q9HBG6_B_134,948305559.76206
kon_xl_Q9HBG6_B_130_Q9HBG6_B_161,9091596.112953048
kon_xl_Q9HBG6_B_130_Q9HBG6_B_166,770643184.8832356
kon_xl_Q9HBG6_B_130_Q9HBG6_B_168,981913924.101861
kon_xl_Q7Z4L5_D_1309_Q9HBG6_B_130,4561398.31633381
kon_xl_Q9HBG6_B_134_Q9HBG6_B_168,17408037.346624844
kon_xl_Q7Z4L5_D_1278_Q9HBG6_B_134,4720977.41436827
kon_xl_Q7Z4L5_D_1280_Q9HBG6_B_134,101075677.17680004
kon_xl_Q7Z4L5_D_1301_Q9HBG6_B_134,10555144.928527186
kon_xl_Q7Z4L5_D_1304_Q9HBG6_B_134,519798329.68215257
kon_xl_Q7Z4L5_D_1309_Q9HBG6_B_134,892443752.6561323
kon_xl_Q9HBG6_B_161_Q9HBG6_B_166,732799121.8093514
kon_xl_Q9HBG6_B_161_Q9HBG6_B_168,4700312.890684116
kon_xl_Q9HBG6_B_166_Q9HBG6_B_168,448211988.00035685
kon_xl_Q9HBG6_B_166_Q9HBG6_B_271,887602438.5979477
kon_xl_Q9HBG6_B_168_Q9HBG6_B_271,596589715.8053855
kon_xl_Q9HBG6_B_168_Q9HBG6_B_275,77390359.80574894
kon_xl_Q9HBG6_B_262_Q9HBG6_B_271,242961125.6666452
kon_xl_Q9HBG6_B_262_Q9HBG6_B_275,783824254.6805104
kon_xl_Q9HBG6_B_262_Q9HBG6_B_302,5798272.257944078
kon_xl_Q9HBG6_B_262_Q9HBG6_B_388,32319358.84384522
kon_xl_Q9HBG6_B_262_Q9HBG6_B_408,1264181.4211340055
kon_xl_Q7Z4L5_D_1301_Q9HBG6_B_262,18089050.757325787
kon_xl_Q7Z4L5_D_1304_Q9HBG6_B_262,4292686.478484301
kon_xl_Q9HBG6_B_271_Q9HBG6_B_275,404293012.26180077
kon_xl_Q9HBG6_B_271_Q9HBG6_B_309,71772882.35755637
kon_xl_Q9HBG6_B_271_Q9HBG6_B_386,8884499.178617682
kon_xl_Q9HBG6_B_271_Q9HBG6_B_388,23540532.419256277
kon_xl_Q9HBG6_B_275_Q9HBG6_B_291,11356693.897497479
kon_xl_Q9HBG6_B_275_Q9HBG6_B_309,937081424.7550684
kon_xl_Q9HBG6_B_275_Q9HBG6_B_386,746561444.6343504
kon_xl_Q9HBG6_B_275_Q9HBG6_B_388,886122882.7207707
kon_xl_Q9HBG6_B_275_Q9HBG6_B_408,62206013.68451896
kon_xl_Q9HBG6_B_275_Q9HBG6_B_429,12466733.054690326
kon_xl_Q9HBG6_B_275_Q9HBG6_B_432,4686887.119542621
kon_xl_Q9HBG6_B_275_Q9HBG6_B_433,4106060.4711049185
kon_xl_Q9HBG6_B_291_Q9HBG6_B_309,600216089.9229221
kon_xl_Q9HBG6_B_291_Q9HBG6_B_330,735417349.106174
kon_xl_Q9HBG6_B_291_Q9HBG6_B_382,85244285.99598502
kon_xl_Q9HBG6_B_291_Q9HBG6_B_386,302607364.99284565
kon_xl_Q9HBG6_B_291_Q9HBG6_B_388,452808297.1887083
kon_xl_Q9HBG6_B_302_Q9HBG6_B_433,15001064.529673295
kon_xl_Q7Z4L5_D_1001_Q9HBG6_B_302,1438725.8012684297
kon_xl_Q7Z4L5_D_1259_Q9HBG6_B_302,610156319.6119785
kon_xl_Q7Z4L5_D_1280_Q9HBG6_B_302,24904052.573576774
kon_xl_Q9HBG6_B_309_Q9HBG6_B_330,2141547.7630109983
kon_xl_Q9HBG6_B_309_Q9HBG6_B_382,75310272.20174804
kon_xl_Q9HBG6_B_309_Q9HBG6_B_386,565462319.1914536
kon_xl_Q9HBG6_B_309_Q9HBG6_B_388,283513251.32975435
kon_xl_Q9HBG6_B_309_Q9HBG6_B_408,4501978.221220171
kon_xl_Q9HBG6_B_309_Q9HBG6_B_429,1100505.4827794135
kon_xl_Q9HBG6_B_360_Q9HBG6_B_393,96734200.67114802
kon_xl_Q9HBG6_B_360_Q9HBG6_B_477,521529406.3666758
kon_xl_Q9HBG6_B_360_Q9HBG6_B_601,850233596.7320063
kon_xl_Q9HBG6_B_382_Q9HBG6_B_386,954828293.4348197
kon_xl_Q9HBG6_B_382_Q9HBG6_B_388,182965533.036906
kon_xl_Q9HBG6_B_382_Q9HBG6_B_601,204247726.38790247
kon_xl_Q9HBG6_B_386_Q9HBG6_B_388,13370816.686940199
kon_xl_Q9HBG6_B_386_Q9HBG6_B_408,999588861.3656305
kon_xl_Q9HBG6_B_386_Q9HBG6_B_427,675822020.7890635
kon_xl_Q9HBG6_B_386_Q9HBG6_B_429,976870379.164615
kon_xl_Q9HBG6_B_386_Q9HBG6_B_432,81787253.26836474
kon_xl_Q9HBG6_B_386_Q9HBG6_B_433,37674706.33541536
kon_xl_Q9HBG6_B_388_Q9HBG6_B_392,9550218.401791159
kon_xl_Q9HBG6_B_388_Q9HBG6_B_408,684986280.947764
kon_xl_Q9HBG6_B_388_Q9HBG6_B_427,566524120.6021688
kon_xl_Q9HBG6_B_388_Q9HBG6_B_429,954877304.5627601
kon_xl_Q9HBG6_B_388_Q9HBG6_B_432,411556884.65490884
kon_xl_Q9HBG6_B_388_Q9HBG6_B_433,342453662.5172867
kon_xl_Q9HBG6_B_392_Q9HBG6_B_393,405973669.77461195
kon_xl_Q9HBG6_B_392_Q9HBG6_B_408,747888902.9743721
kon_xl_Q9HBG6_B_392_Q9HBG6_B_432,186632890.00810117
kon_xl_Q9HBG6_B_392_Q9HBG6_B_433,360214264.4021003
kon_xl_Q9HBG6_B_392_Q9HBG6_B_477,516697451.00519806
kon_xl_Q9HBG6_B_392_Q9HBG6_B_493,2184174.3013018393
kon_xl_Q9HBG6_B_393_Q9HBG6_B_408,840260953.9674991
kon_xl_Q9HBG6_B_393_Q9HBG6_B_432,10150357.985795131
kon_xl_Q9HBG6_B_393_Q9HBG6_B_433,990464452.4831027
kon_xl_Q9HBG6_B_393_Q9HBG6_B_477,777066021.0168735
kon_xl_Q9HBG6_B_393_Q9HBG6_B_493,4934135.414158205
kon_xl_Q9HBG6_B_408_Q9HBG6_B_427,999547592.7638193
kon_xl_Q9HBG6_B_408_Q9HBG6_B_429,39613304.909649275
kon_xl_Q9HBG6_B_408_Q9HBG6_B_432,731116277.422997
kon_xl_Q9HBG6_B_408_Q9HBG6_B_433,339027057.2685809
kon_xl_Q9HBG6_B_408_Q9HBG6_B_463,3143873.4932247293
kon_xl_Q9HBG6_B_427_Q9HBG6_B_429,314891310.7391492
kon_xl_Q9HBG6_B_427_Q9HBG6_B_432,158369489.67170608
kon_xl_Q9HBG6_B_427_Q9HBG6_B_433,10861561.043977343
kon_xl_Q9HBG6_B_427_Q9HBG6_B_463,4389532.644001556
kon_xl_Q9HBG6_B_429_Q9HBG6_B_432,918620869.8681954
kon_xl_Q9HBG6_B_429_Q9HBG6_B_433,853020541.5142013
kon_xl_Q9HBG6_B_429_Q9HBG6_B_463,603874404.8659159
kon_xl_Q9HBG6_B_432_Q9HBG6_B_433,18079544.66402968
kon_xl_Q9HBG6_B_432_Q9HBG6_B_452,12887358.06331436
kon_xl_Q9HBG6_B_432_Q9HBG6_B_463,420514626.71287477
kon_xl_Q9HBG6_B_433_Q9HBG6_B_452,60214619.602372676
kon_xl_Q9HBG6_B_433_Q9HBG6_B_463,999713469.57314
kon_xl_Q9HBG6_B_433_Q9HBG6_B_477,4347177.326201026
kon_xl_Q7Z4L5_D_1020_Q9HBG6_B_433,1901983.101903924
kon_xl_Q9HBG6_B_452_Q9HBG6_B_463,156900674.31578633
kon_xl_Q9HBG6_B_452_Q9HBG6_B_493,907247659.06146
kon_xl_Q9HBG6_B_452_Q9HBG6_B_512,52265359.13061335
kon_xl_Q7Z4L5_D_1014_Q9HBG6_B_452,223254705.90516502
kon_xl_Q7Z4L5_D_1014_Q9HBG6_B_463,1111472.0092189978
kon_xl_Q9HBG6_B_493_Q9HBG6_B_512,517850229.9131021
kon_xl_Q9HBG6_B_499_Q9HBG6_B_512,112819050.89282875
kon_xl_Q9HBG6_B_499_Q9HBG6_B_527,1999627.544063224
kon_xl_Q9HBG6_B_499_Q9HBG6_B_546,838732547.1134566
kon_xl_Q9HBG6_B_512_Q9HBG6_B_546,289174826.65731454
kon_xl_Q9HBG6_B_527_Q9HBG6_B_528,81094333.52499923
kon_xl_Q9HBG6_B_527_Q9HBG6_B_546,168344197.41481605
kon_xl_Q9HBG6_B_527_Q9HBG6_B_579,658296155.948999
kon_xl_Q9HBG6_B_527_Q9HBG6_B_628,6624978.177503276
kon_xl_Q9HBG6_B_527_Q9HBG6_B_631,489130808.03619283
kon_xl_Q9HBG6_B_527_Q9HBG6_B_664,1075269.0079407827
kon_xl_Q9HBG6_B_528_Q9HBG6_B_546,88065381.34317139
kon_xl_Q9HBG6_B_528_Q9HBG6_B_579,984563504.6786566
kon_xl_Q9HBG6_B_528_Q9HBG6_B_628,15249959.299804075
kon_xl_Q9HBG6_B_528_Q9HBG6_B_631,277355936.12546486
kon_xl_Q9HBG6_B_579_Q9HBG6_B_628,1313379.859582681
kon_xl_Q9HBG6_B_579_Q9HBG6_B_631,4475429.328549959
kon_xl_Q9HBG6_B_589_Q9HBG6_B_601,37062786.329602964
kon_xl_Q9HBG6_B_628_Q9HBG6_B_631,361753212.19749105
kon_xl_Q9HBG6_B_628_Q9HBG6_B_663,17035713.148778148
kon_xl_Q9HBG6_B_628_Q9HBG6_B_664,312746355.2853618
kon_xl_Q9HBG6_B_628_Q9HBG6_B_685,202817482.19057408
kon_xl_Q9HBG6_B_628_Q9HBG6_B_686,23624599.193939213
kon_xl_Q9HBG6_B_628_Q9HBG6_B_705,197295236.2022724
kon_xl_Q9HBG6_B_628_Q9HBG6_B_711,83890004.3295872
kon_xl_Q9HBG6_B_631_Q9HBG6_B_663,924254352.5226046
kon_xl_Q9HBG6_B_631_Q9HBG6_B_664,260863013.53357664
kon_xl_Q9HBG6_B_631_Q9HBG6_B_685,431949003.23095
kon_xl_Q9HBG6_B_631_Q9HBG6_B_686,138932917.85154524
kon_xl_Q9HBG6_B_663_Q9HBG6_B_664,40890143.54031911
kon_xl_Q9HBG6_B_663_Q9HBG6_B_685,817772705.624489
kon_xl_Q9HBG6_B_663_Q9HBG6_B_686,910907120.6281139
kon_xl_Q8NEZ3_C_1271_Q9HBG6_B_663,190272468.78578553
kon_xl_Q9HBG6_B_664_Q9HBG6_B_685,351082010.51193
kon_xl_Q9HBG6_B_664_Q9HBG6_B_686,460910266.47662604
kon_xl_Q8NEZ3_C_1271_Q9HBG6_B_664,13941541.240730716
kon_xl_Q9HBG6_B_685_Q9HBG6_B_686,81094333.52499923
kon_xl_Q8NEZ3_C_1207_Q9HBG6_B_685,1153047.825531768
kon_xl_Q8NEZ3_C_1271_Q9HBG6_B_685,9321594.295162903
kon_xl_Q8NEZ3_C_1207_Q9HBG6_B_686,4293516.76837444
kon_xl_Q8NEZ3_C_1271_Q9HBG6_B_686,603651611.5386693
kon_xl_Q9HBG6_B_705_Q9HBG6_B_711,982949773.293668
kon_xl_Q9HBG6_B_705_Q9HBG6_B_714,213336090.26126838
kon_xl_Q9HBG6_B_705_Q9HBG6_B_736,12912209.294784022
kon_xl_Q9HBG6_B_711_Q9HBG6_B_714,51510675.3073829
kon_xl_Q9HBG6_B_711_Q9HBG6_B_736,414168999.16481924
kon_xl_Q9HBG6_B_714_Q9HBG6_B_736,476622605.0212414
kon_xl_Q9HBG6_B_736_Q9HBG6_B_745,344680510.8140543
kon_xl_Q9HBG6_B_736_Q9HBG6_B_748,960325378.1066257
kon_xl_Q9HBG6_B_736_Q9HBG6_B_765,29340313.685171627
kon_xl_Q9HBG6_B_736_Q9HBG6_B_799,2848271.2845140453
kon_xl_Q9HBG6_B_745_Q9HBG6_B_748,18079544.66402968
kon_xl_Q9HBG6_B_745_Q9HBG6_B_753,871114616.2162147
kon_xl_Q9HBG6_B_745_Q9HBG6_B_779,808855200.7084763
kon_xl_Q9HBG6_B_745_Q9HBG6_B_799,140124663.2870984
kon_xl_Q9HBG6_B_745_Q9HBG6_B_802,32125468.643549737
kon_xl_Q8NEZ3_C_1257_Q9HBG6_B_745,53215043.897639066
kon_xl_Q9HBG6_B_748_Q9HBG6_B_753,865482873.1107932
kon_xl_Q9HBG6_B_748_Q9HBG6_B_765,1627416.3196012862
kon_xl_Q9HBG6_B_748_Q9HBG6_B_779,984949264.4170997
kon_xl_Q9HBG6_B_748_Q9HBG6_B_799,410757372.09292567
kon_xl_Q9HBG6_B_748_Q9HBG6_B_802,85707674.88386537
kon_xl_Q8NEZ3_C_1257_Q9HBG6_B_748,3330775.682840143
kon_xl_Q9HBG6_B_753_Q9HBG6_B_762,95566603.37298435
kon_xl_Q9HBG6_B_753_Q9HBG6_B_779,655118518.9920319
kon_xl_Q8NEZ3_C_1257_Q9HBG6_B_753,19386880.6845227
kon_xl_Q9HBG6_B_762_Q9HBG6_B_765,655118518.9920319
kon_xl_Q9HBG6_B_762_Q9HBG6_B_779,958699409.4863529
kon_xl_Q9HBG6_B_762_Q9HBG6_B_817,11834266.276650917
kon_xl_Q9HBG6_B_765_Q9HBG6_B_799,882979499.3110127
kon_xl_Q9HBG6_B_779_Q9HBG6_B_816,1773960.5432140767
kon_xl_Q9HBG6_B_779_Q9HBG6_B_817,136930652.6118787
kon_xl_Q9HBG6_B_799_Q9HBG6_B_802,261673607.42050716
kon_xl_Q9HBG6_B_799_Q9HBG6_B_830,799571257.5563872
kon_xl_Q9HBG6_B_802_Q9HBG6_B_830,330744895.0629523
kon_xl_Q9HBG6_B_802_Q9HBG6_B_835,531581042.00403947
kon_xl_Q9HBG6_B_802_Q9HBG6_B_856,292336477.12037325
kon_xl_Q9HBG6_B_816_Q9HBG6_B_817,13370816.686940199
kon_xl_Q9HBG6_B_816_Q9HBG6_B_835,663591833.7199457
kon_xl_Q9HBG6_B_817_Q9HBG6_B_835,308144316.5374958
kon_xl_Q9HBG6_B_830_Q9HBG6_B_835,625453486.7599007
kon_xl_Q9HBG6_B_830_Q9HBG6_B_856,954877304.5627601
kon_xl_Q9HBG6_B_835_Q9HBG6_B_856,985041109.125401
kon_xl_Q9HBG6_B_835_Q9HBG6_B_861,59198918.118616775
kon_xl_Q9HBG6_B_835_Q9HBG6_B_887,22353046.371359225
kon_xl_Q9HBG6_B_856_Q9HBG6_B_861,975891907.6773856
kon_xl_Q9HBG6_B_856_Q9HBG6_B_883,89678377.47105025
kon_xl_Q9HBG6_B_856_Q9HBG6_B_887,785928539.143628
kon_xl_Q9HBG6_B_861_Q9HBG6_B_883,965819795.5617175
kon_xl_Q9HBG6_B_861_Q9HBG6_B_887,372747991.50749487
kon_xl_Q9HBG6_B_883_Q9HBG6_B_887,39613304.909649275
kon_xl_Q9HBG6_B_883_Q9HBG6_B_1236,84119589.41776966
kon_xl_Q96RY7_E_926_Q9HBG6_B_883,1121314.9430565566
kon_xl_Q96RY7_E_955_Q9HBG6_B_883,5381920.347953731
kon_xl_Q9HBG6_B_887_Q9HBG6_B_1236,45673779.6326934
kon_xl_Q9HBG6_B_935_Q9HBG6_B_941,653418897.4674561
kon_xl_Q8NEZ3_C_807_Q9HBG6_B_935,1003069.765934913
kon_xl_Q9HBG6_B_941_Q9HBG6_B_987,723411295.4426353
kon_xl_Q8NEZ3_C_714_Q9HBG6_B_941,10315154.825605452
kon_xl_Q96RY7_E_877_Q9HBG6_B_941,1000000.0
kon_xl_Q9HBG6_B_987_Q9HBG6_B_995,259614922.97492677
kon_xl_Q9HBG6_B_987_Q9HBG6_B_1021,672380255.568993
kon_xl_Q8NEZ3_C_714_Q9HBG6_B_987,316317744.6706906
kon_xl_Q8NEZ3_C_767_Q9HBG6_B_987,11605994.782077264
kon_xl_Q9HBG6_B_995_Q9HBG6_B_997,327354890.61631495
kon_xl_Q9HBG6_B_995_Q9HBG6_B_1021,294237480.1751059
kon_xl_Q8NEZ3_C_714_Q9HBG6_B_995,940684748.4632109
kon_xl_Q96RY7_E_877_Q9HBG6_B_995,1639288.9692874681
kon_xl_Q8NEZ3_C_714_Q9HBG6_B_997,995323772.2695539
kon_xl_Q96RY7_E_877_Q9HBG6_B_997,1255858.7374584386
kon_xl_Q9HBG6_B_1004_Q9HBG6_B_1007,13370816.686940199
kon_xl_Q9HBG6_B_1004_Q9HBG6_B_1033,998212155.8100586
kon_xl_Q9HBG6_B_1004_Q9HBG6_B_1045,898747275.8894212
kon_xl_Q8NEZ3_C_570_Q9HBG6_B_1004,4973584.229445191
kon_xl_Q9HBG6_B_1007_Q9HBG6_B_1033,565408981.4600234
kon_xl_Q9HBG6_B_1007_Q9HBG6_B_1045,324704959.58441526
kon_xl_Q9HBG6_B_1021_Q9HBG6_B_1033,1244892.3174385582
kon_xl_Q8NEZ3_C_588_Q9HBG6_B_1021,199336892.6833774
kon_xl_Q8NEZ3_C_595_Q9HBG6_B_1021,8671066.76162739
kon_xl_Q8NEZ3_C_714_Q9HBG6_B_1021,9303104.577520477
kon_xl_Q9HBG6_B_1033_Q9HBG6_B_1045,77589148.32162254
kon_xl_Q8NEZ3_C_570_Q9HBG6_B_1033,382137930.33885413
kon_xl_Q8NEZ3_C_588_Q9HBG6_B_1033,305621595.0289809
kon_xl_Q8NEZ3_C_660_Q9HBG6_B_1033,999808939.2535456
kon_xl_Q8NEZ3_C_714_Q9HBG6_B_1033,4292686.478484301
kon_xl_Q9HBG6_B_1184_Q9HBG6_B_1236,360109174.0738494
kon_xl_Q96RY7_E_1040_Q9HBG6_B_1184,166775090.6782179
kon_xl_Q96RY7_E_1090_Q9HBG6_B_1184,5416583.305352358
kon_xl_Q96RY7_E_1096_Q9HBG6_B_1184,19386880.6845227
kon_xl_Q96RY7_E_955_Q9HBG6_B_1236,29939572.75115505
kon_xl_Q96RY7_E_1040_Q9HBG6_B_1236,823157712.9722947
kon_xl_Q96RY7_E_1090_Q9HBG6_B_1236,261889785.61985666
kon_xl_Q8NEZ3_C_2_Q8NEZ3_C_10,1206308.8089205208
kon_xl_Q8NEZ3_C_2_Q8NEZ3_C_47,1445381.86113943
kon_xl_Q8NEZ3_C_2_Q8NEZ3_C_275,1393049.383938493
kon_xl_Q8NEZ3_C_2_Q8NEZ3_C_289,6350858.354346871
kon_xl_Q8NEZ3_C_2_Q8NEZ3_C_299,2359631.691532567
kon_xl_Q8NEZ3_C_2_Q8NEZ3_C_626,393499307.7833319
kon_xl_Q8NEZ3_C_10_Q8NEZ3_C_39,999765061.4198205
kon_xl_Q8NEZ3_C_10_Q8NEZ3_C_47,999629625.4527144
kon_xl_Q8NEZ3_C_10_Q8NEZ3_C_320,655394271.7871897
kon_xl_Q8NEZ3_C_23_Q8NEZ3_C_64,65904680.65416475
kon_xl_Q8NEZ3_C_23_Q8NEZ3_C_107,275667853.99654406
kon_xl_Q8NEZ3_C_23_Q8NEZ3_C_190,2414804.05068383
kon_xl_Q8NEZ3_C_23_Q8NEZ3_C_349,4721886.512895528
kon_xl_Q8NEZ3_C_39_Q8NEZ3_C_47,194307053.04123405
kon_xl_Q8NEZ3_C_39_Q8NEZ3_C_88,675785321.6692898
kon_xl_Q8NEZ3_C_47_Q8NEZ3_C_88,999501175.1987532
kon_xl_Q8NEZ3_C_64_Q8NEZ3_C_88,4307481.852456997
kon_xl_Q8NEZ3_C_64_Q8NEZ3_C_107,31827585.489558026
kon_xl_Q8NEZ3_C_64_Q8NEZ3_C_190,16261806.055958254
kon_xl_Q8NEZ3_C_64_Q8NEZ3_C_349,35937786.452626914
kon_xl_Q8NEZ3_C_75_Q8NEZ3_C_88,1537287.634404434
kon_xl_Q8NEZ3_C_75_Q8NEZ3_C_118,950392590.973502
kon_xl_Q8NEZ3_C_75_Q8NEZ3_C_140,409164178.9831522
kon_xl_Q8NEZ3_C_88_Q8NEZ3_C_131,184573617.1438245
kon_xl_Q8NEZ3_C_107_Q8NEZ3_C_190,349419382.4571794
kon_xl_Q8NEZ3_C_107_Q8NEZ3_C_208,4450340.33675453
kon_xl_Q8NEZ3_C_107_Q8NEZ3_C_349,5532226.715323951
kon_xl_Q8NEZ3_C_118_Q8NEZ3_C_131,62010799.839317
kon_xl_Q8NEZ3_C_118_Q8NEZ3_C_137,633396552.6715329
kon_xl_Q8NEZ3_C_118_Q8NEZ3_C_140,52488905.893210605
kon_xl_Q8NEZ3_C_118_Q8NEZ3_C_160,195818052.30908558
kon_xl_Q8NEZ3_C_118_Q8NEZ3_C_208,2053302.093950602
kon_xl_Q8NEZ3_C_131_Q8NEZ3_C_137,26385014.62382379
kon_xl_Q8NEZ3_C_137_Q8NEZ3_C_140,436376918.31779623
kon_xl_Q8NEZ3_C_137_Q8NEZ3_C_160,508890603.1051444
kon_xl_Q8NEZ3_C_140_Q8NEZ3_C_160,847271315.8594493
kon_xl_Q8NEZ3_C_140_Q8NEZ3_C_208,209478141.44453898
kon_xl_Q8NEZ3_C_140_Q8NEZ3_C_209,30203829.231252566
kon_xl_Q8NEZ3_C_160_Q8NEZ3_C_208,626629548.9630128
kon_xl_Q8NEZ3_C_160_Q8NEZ3_C_209,579664742.6200883
kon_xl_Q8NEZ3_C_190_Q8NEZ3_C_307,2551138.583643349
kon_xl_Q8NEZ3_C_208_Q8NEZ3_C_209,305099160.9959948
kon_xl_Q8NEZ3_C_208_Q8NEZ3_C_320,86911029.2706061
kon_xl_Q8NEZ3_C_275_Q8NEZ3_C_299,577448068.9327861
kon_xl_Q8NEZ3_C_275_Q8NEZ3_C_307,999829925.2696731
kon_xl_Q8NEZ3_C_275_Q8NEZ3_C_320,998032098.3420534
kon_xl_Q8NEZ3_C_289_Q8NEZ3_C_307,1622457.3731659031
kon_xl_Q8NEZ3_C_289_Q8NEZ3_C_349,993441051.5102832
kon_xl_Q8NEZ3_C_289_Q8NEZ3_C_559,10181491.303321918
kon_xl_Q8NEZ3_C_289_Q8NEZ3_C_580,1002351.0669600368
kon_xl_Q8NEZ3_C_289_Q8NEZ3_C_603,25635219.189612754
kon_xl_Q8NEZ3_C_289_Q8NEZ3_C_609,149804676.7860712
kon_xl_Q8NEZ3_C_289_Q8NEZ3_C_626,501902370.43132406
kon_xl_Q8NEZ3_C_299_Q8NEZ3_C_307,425499775.8511833
kon_xl_Q8NEZ3_C_299_Q8NEZ3_C_320,86713688.64118603
kon_xl_Q8NEZ3_C_307_Q8NEZ3_C_580,2054394.0626733124
kon_xl_Q8NEZ3_C_307_Q8NEZ3_C_603,79286195.9078425
kon_xl_Q8NEZ3_C_307_Q8NEZ3_C_626,1480420.152054281
kon_xl_Q8NEZ3_C_349_Q8NEZ3_C_559,532548644.5219419
kon_xl_Q8NEZ3_C_349_Q8NEZ3_C_603,10988724.195364766
kon_xl_Q8NEZ3_C_349_Q8NEZ3_C_609,979044451.1818353
kon_xl_Q8NEZ3_C_349_Q8NEZ3_C_626,20372877.328996338
kon_xl_Q8NEZ3_C_419_Q8NEZ3_C_420,257054861.96854308
kon_xl_Q8NEZ3_C_419_Q8NEZ3_C_422,928673393.6942242
kon_xl_Q8NEZ3_C_420_Q8NEZ3_C_422,280801196.63620955
kon_xl_Q8NEZ3_C_447_Q8NEZ3_C_475,261916823.6935988
kon_xl_Q8NEZ3_C_447_Q8NEZ3_C_518,1956985.2343167814
kon_xl_Q8NEZ3_C_475_Q8NEZ3_C_518,148297905.44798496
kon_xl_Q8NEZ3_C_475_Q8NEZ3_C_519,1320001.1742348266
kon_xl_Q8NEZ3_C_475_Q8NEZ3_C_535,71384227.50486194
kon_xl_Q8NEZ3_C_518_Q8NEZ3_C_519,95996220.7786452
kon_xl_Q8NEZ3_C_518_Q8NEZ3_C_535,578033594.8337524
kon_xl_Q8NEZ3_C_518_Q8NEZ3_C_559,267928395.2120962
kon_xl_Q8NEZ3_C_518_Q8NEZ3_C_609,341066293.36883664
kon_xl_Q8NEZ3_C_519_Q8NEZ3_C_535,982071741.7648762
kon_xl_Q8NEZ3_C_519_Q8NEZ3_C_559,351660767.14638746
kon_xl_Q8NEZ3_C_519_Q8NEZ3_C_609,932660218.156514
kon_xl_Q8NEZ3_C_535_Q8NEZ3_C_559,833464082.2575803
kon_xl_Q8NEZ3_C_535_Q8NEZ3_C_580,1768190.1172787445
kon_xl_Q8NEZ3_C_535_Q8NEZ3_C_595,48851261.79061445
kon_xl_Q8NEZ3_C_535_Q8NEZ3_C_609,26617502.66641461
kon_xl_Q8NEZ3_C_559_Q8NEZ3_C_580,58926980.9905072
kon_xl_Q8NEZ3_C_559_Q8NEZ3_C_603,75310272.20174804
kon_xl_Q8NEZ3_C_559_Q8NEZ3_C_609,394272020.71115434
kon_xl_Q8NEZ3_C_570_Q8NEZ3_C_588,406172191.41896605
kon_xl_Q8NEZ3_C_570_Q8NEZ3_C_595,1125031.5792739002
kon_xl_Q8NEZ3_C_570_Q8NEZ3_C_660,382137930.33885413
kon_xl_Q8NEZ3_C_570_Q8NEZ3_C_714,22654571.769761994
kon_xl_Q8NEZ3_C_580_Q8NEZ3_C_603,65354817.301736236
kon_xl_Q8NEZ3_C_580_Q8NEZ3_C_609,382620177.48927265
kon_xl_Q8NEZ3_C_588_Q8NEZ3_C_595,742927440.4091531
kon_xl_Q8NEZ3_C_588_Q8NEZ3_C_660,294237480.1751059
kon_xl_Q8NEZ3_C_588_Q8NEZ3_C_714,54828833.86989561
kon_xl_Q8NEZ3_C_603_Q8NEZ3_C_609,846008795.753075
kon_xl_Q8NEZ3_C_603_Q8NEZ3_C_626,28519557.86579517
kon_xl_Q8NEZ3_C_660_Q8NEZ3_C_714,54255819.68623608
kon_xl_Q8NEZ3_C_714_Q96RY7_E_877,996974191.6863198
kon_xl_Q8NEZ3_C_767_Q8NEZ3_C_800,651974123.4088477
kon_xl_Q8NEZ3_C_779_Q8NEZ3_C_807,31067908.445779916
kon_xl_Q8NEZ3_C_779_Q96RY7_E_793,34287528.564614005
kon_xl_Q8NEZ3_C_779_Q96RY7_E_796,45692678.053989455
kon_xl_Q8NEZ3_C_779_Q96RY7_E_821,542474275.6314652
kon_xl_Q8NEZ3_C_800_Q8NEZ3_C_807,257310425.68893027
kon_xl_Q8NEZ3_C_800_Q8NEZ3_C_836,74484776.53761218
kon_xl_Q8NEZ3_C_807_Q8NEZ3_C_836,895251565.103688
kon_xl_Q8NEZ3_C_807_Q8NEZ3_C_843,21528204.542453114
kon_xl_Q8NEZ3_C_807_Q8NEZ3_C_865,65750664.33413103
kon_xl_Q8NEZ3_C_836_Q8NEZ3_C_843,446296625.9839912
kon_xl_Q8NEZ3_C_836_Q8NEZ3_C_865,299145238.38958883
kon_xl_Q8NEZ3_C_836_Q8NEZ3_C_884,22863219.18095116
kon_xl_Q8NEZ3_C_843_Q8NEZ3_C_865,51510675.3073829
kon_xl_Q8NEZ3_C_843_Q8NEZ3_C_884,234090200.7126612
kon_xl_Q8NEZ3_C_854_Q8NEZ3_C_871,994022543.626314
kon_xl_Q8NEZ3_C_854_Q8NEZ3_C_880,951381840.7983909
kon_xl_Q8NEZ3_C_854_Q8NEZ3_C_884,29601608.291549943
kon_xl_Q8NEZ3_C_854_Q8NEZ3_C_896,100051846.92861538
kon_xl_Q8NEZ3_C_854_Q8NEZ3_C_903,37814340.49971909
kon_xl_Q8NEZ3_C_854_Q96RY7_E_793,33324227.711383544
kon_xl_Q8NEZ3_C_854_Q96RY7_E_796,2582636.900132531
kon_xl_Q8NEZ3_C_865_Q8NEZ3_C_871,1797631.3433419962
kon_xl_Q8NEZ3_C_865_Q8NEZ3_C_880,1289094.6411403578
kon_xl_Q8NEZ3_C_865_Q8NEZ3_C_884,810668949.4048883
kon_xl_Q8NEZ3_C_871_Q8NEZ3_C_880,166153031.56287777
kon_xl_Q8NEZ3_C_871_Q8NEZ3_C_896,266702529.56993747
kon_xl_Q8NEZ3_C_871_Q8NEZ3_C_903,70816764.95343034
kon_xl_Q8NEZ3_C_871_Q8NEZ3_C_922,94919322.84745342
kon_xl_Q8NEZ3_C_871_Q96RY7_E_793,42839447.9467394
kon_xl_Q8NEZ3_C_880_Q8NEZ3_C_884,808831368.5488337
kon_xl_Q8NEZ3_C_880_Q8NEZ3_C_896,588158212.5357485
kon_xl_Q8NEZ3_C_880_Q8NEZ3_C_903,851721544.1038066
kon_xl_Q8NEZ3_C_880_Q8NEZ3_C_905,726294102.2911288
kon_xl_Q8NEZ3_C_884_Q8NEZ3_C_905,393531896.1383734
kon_xl_Q8NEZ3_C_884_Q8NEZ3_C_912,32061077.344904196
kon_xl_Q8NEZ3_C_896_Q8NEZ3_C_903,927630145.4533902
kon_xl_Q8NEZ3_C_896_Q8NEZ3_C_922,324704959.58441526
kon_xl_Q8NEZ3_C_903_Q8NEZ3_C_905,660148312.4544581
kon_xl_Q8NEZ3_C_903_Q8NEZ3_C_912,5767398.730122546
kon_xl_Q8NEZ3_C_903_Q8NEZ3_C_922,514870928.56605333
kon_xl_Q8NEZ3_C_903_Q8NEZ3_C_955,41608520.24944821
kon_xl_Q8NEZ3_C_905_Q8NEZ3_C_912,753147633.6885787
kon_xl_Q8NEZ3_C_912_Q8NEZ3_C_922,10051859.572400063
kon_xl_Q8NEZ3_C_912_Q8NEZ3_C_940,886122882.7207707
kon_xl_Q8NEZ3_C_922_Q8NEZ3_C_940,123610772.00601566
kon_xl_Q8NEZ3_C_922_Q8NEZ3_C_955,87937033.80635162
kon_xl_Q8NEZ3_C_922_Q8NEZ3_C_978,153935661.83615476
kon_xl_Q8NEZ3_C_940_Q8NEZ3_C_978,4767712.457471194
kon_xl_Q8NEZ3_C_955_Q8NEZ3_C_978,405973669.77461195
kon_xl_Q8NEZ3_C_955_Q8NEZ3_C_992,1378925.6450037288
kon_xl_Q8NEZ3_C_978_Q8NEZ3_C_1028,3009030.237196887
kon_xl_Q8NEZ3_C_978_Q8NEZ3_C_1066,1209678.7797865309
kon_xl_Q8NEZ3_C_992_Q8NEZ3_C_1021,914708512.16083
kon_xl_Q8NEZ3_C_1021_Q8NEZ3_C_1028,34292963.614191145
kon_xl_Q8NEZ3_C_1021_Q8NEZ3_C_1041,990037838.1030114
kon_xl_Q8NEZ3_C_1021_Q8NEZ3_C_1045,625194597.9889005
kon_xl_Q8NEZ3_C_1028_Q8NEZ3_C_1066,3346188.7956208033
kon_xl_Q8NEZ3_C_1041_Q8NEZ3_C_1045,98611254.81936476
kon_xl_Q8NEZ3_C_1041_Q8NEZ3_C_1066,871756846.8341994
kon_xl_Q8NEZ3_C_1045_Q8NEZ3_C_1066,22943873.091868516
kon_xl_Q8NEZ3_C_1045_Q8NEZ3_C_1087,23690771.320159882
kon_xl_Q8NEZ3_C_1066_Q8NEZ3_C_1100,983440408.2755083
kon_xl_Q8NEZ3_C_1066_Q8NEZ3_C_1140,1115151.2209311519
kon_xl_Q8NEZ3_C_1066_Q8NEZ3_C_1142,2501100.008474238
kon_xl_Q8NEZ3_C_1087_Q8NEZ3_C_1090,747888902.9743721
kon_xl_Q8NEZ3_C_1087_Q8NEZ3_C_1185,2450421.0297910306
kon_xl_Q8NEZ3_C_1090_Q8NEZ3_C_1100,248396218.69844487
kon_xl_Q8NEZ3_C_1090_Q8NEZ3_C_1137,46397030.560942784
kon_xl_Q8NEZ3_C_1090_Q8NEZ3_C_1140,1713747.2500780292
kon_xl_Q8NEZ3_C_1100_Q8NEZ3_C_1137,32044338.33166639
kon_xl_Q8NEZ3_C_1100_Q8NEZ3_C_1140,934630485.3082811
kon_xl_Q8NEZ3_C_1100_Q8NEZ3_C_1142,993713639.5565201
kon_xl_Q8NEZ3_C_1137_Q8NEZ3_C_1140,18079544.66402968
kon_xl_Q8NEZ3_C_1137_Q8NEZ3_C_1142,268795172.24383426
kon_xl_Q8NEZ3_C_1137_Q8NEZ3_C_1327,121594860.86639774
kon_xl_Q8NEZ3_C_1140_Q8NEZ3_C_1142,406310026.38427854
kon_xl_Q8NEZ3_C_1140_Q8NEZ3_C_1327,72035983.84905681
kon_xl_Q8NEZ3_C_1161_Q8NEZ3_C_1165,81094333.52499923
kon_xl_Q8NEZ3_C_1161_Q8NEZ3_C_1225,66574985.786352426
kon_xl_Q8NEZ3_C_1161_Q8NEZ3_C_1229,343023615.0695176
kon_xl_Q8NEZ3_C_1161_Q8NEZ3_C_1233,96852878.41868514
kon_xl_Q8NEZ3_C_1165_Q8NEZ3_C_1171,106106771.80906744
kon_xl_Q8NEZ3_C_1165_Q8NEZ3_C_1225,7722362.621619305
kon_xl_Q8NEZ3_C_1165_Q8NEZ3_C_1229,358613104.07333076
kon_xl_Q8NEZ3_C_1165_Q8NEZ3_C_1232,2767103.690434033
kon_xl_Q8NEZ3_C_1165_Q8NEZ3_C_1233,206057117.72757295
kon_xl_Q8NEZ3_C_1165_Q8NEZ3_C_1305,21910672.385847453
kon_xl_Q8NEZ3_C_1171_Q8NEZ3_C_1207,9960170.512481807
kon_xl_Q8NEZ3_C_1171_Q8NEZ3_C_1286,3602248.7649180084
kon_xl_Q8NEZ3_C_1171_Q8NEZ3_C_1305,113505708.0088445
kon_xl_Q8NEZ3_C_1171_Q8NEZ3_C_1328,2268131.44427942
kon_xl_Q8NEZ3_C_1185_Q8NEZ3_C_1225,37355209.46251618
kon_xl_Q8NEZ3_C_1207_Q8NEZ3_C_1229,31679171.959580667
kon_xl_Q8NEZ3_C_1207_Q8NEZ3_C_1231,2088388.9395539162
kon_xl_Q8NEZ3_C_1207_Q8NEZ3_C_1232,393531896.1383734
kon_xl_Q8NEZ3_C_1207_Q8NEZ3_C_1233,990089240.626698
kon_xl_Q8NEZ3_C_1225_Q8NEZ3_C_1229,850055636.3002361
kon_xl_Q8NEZ3_C_1225_Q8NEZ3_C_1231,275667853.99654406
kon_xl_Q8NEZ3_C_1225_Q8NEZ3_C_1232,860324906.2161477
kon_xl_Q8NEZ3_C_1225_Q8NEZ3_C_1233,203873202.55636212
kon_xl_Q8NEZ3_C_1229_Q8NEZ3_C_1231,280303873.4995333
kon_xl_Q8NEZ3_C_1229_Q8NEZ3_C_1232,81094333.52499923
kon_xl_Q8NEZ3_C_1229_Q8NEZ3_C_1233,315988330.24861777
kon_xl_Q8NEZ3_C_1231_Q8NEZ3_C_1232,95996220.7786452
kon_xl_Q8NEZ3_C_1231_Q8NEZ3_C_1233,890757445.6143805
kon_xl_Q8NEZ3_C_1232_Q8NEZ3_C_1233,278384460.87779164
kon_xl_Q8NEZ3_C_1257_Q8NEZ3_C_1271,74814162.91490074
kon_xl_Q8NEZ3_C_1257_Q8NEZ3_C_1286,378876754.29778254
kon_xl_Q8NEZ3_C_1257_Q8NEZ3_C_1327,1271188.427325408
kon_xl_Q8NEZ3_C_1257_Q8NEZ3_C_1328,521135255.54152787
kon_xl_Q8NEZ3_C_1286_Q8NEZ3_C_1305,55001909.02900463
kon_xl_Q8NEZ3_C_1286_Q8NEZ3_C_1327,508890603.1051444
kon_xl_Q8NEZ3_C_1286_Q8NEZ3_C_1328,454732169.07103217
kon_xl_Q8NEZ3_C_1305_Q8NEZ3_C_1327,850055636.3002361
kon_xl_Q8NEZ3_C_1305_Q8NEZ3_C_1328,997785417.2858645
kon_xl_Q8NEZ3_C_1327_Q8NEZ3_C_1328,330744895.0629523
kon_xl_Q7Z4L5_D_7_Q7Z4L5_D_31,3005503.165413799
kon_xl_Q7Z4L5_D_7_Q7Z4L5_D_66,847511992.974066
kon_xl_Q7Z4L5_D_7_Q7Z4L5_D_109,446296625.9839912
kon_xl_Q7Z4L5_D_7_Q7Z4L5_D_142,919782213.6049238
kon_xl_Q7Z4L5_D_31_Q7Z4L5_D_52,48223052.75200092
kon_xl_Q7Z4L5_D_31_Q7Z4L5_D_64,1379783.74666898
kon_xl_Q7Z4L5_D_31_Q7Z4L5_D_66,159367527.79338074
kon_xl_Q7Z4L5_D_52_Q7Z4L5_D_82,8119380.121721075
kon_xl_Q7Z4L5_D_64_Q7Z4L5_D_66,997672871.6142355
kon_xl_Q7Z4L5_D_64_Q7Z4L5_D_100,39770387.44456438
kon_xl_Q7Z4L5_D_64_Q7Z4L5_D_104,350372712.9161654
kon_xl_Q7Z4L5_D_64_Q7Z4L5_D_109,2835607.2995053385
kon_xl_Q7Z4L5_D_66_Q7Z4L5_D_104,396987057.6090771
kon_xl_Q7Z4L5_D_66_Q7Z4L5_D_109,474231257.97186184
kon_xl_Q7Z4L5_D_66_Q7Z4L5_D_136,6675878.482067751
kon_xl_Q7Z4L5_D_66_Q7Z4L5_D_142,74673198.79552586
kon_xl_Q7Z4L5_D_82_Q7Z4L5_D_100,900918312.7116619
kon_xl_Q7Z4L5_D_82_Q7Z4L5_D_104,20300222.57231711
kon_xl_Q7Z4L5_D_82_Q7Z4L5_D_126,981454284.7954186
kon_xl_Q7Z4L5_D_82_Q7Z4L5_D_157,1033449.224288125
kon_xl_Q7Z4L5_D_100_Q7Z4L5_D_104,355963103.8699219
kon_xl_Q7Z4L5_D_100_Q7Z4L5_D_126,482432198.97674006
kon_xl_Q7Z4L5_D_100_Q7Z4L5_D_136,393531896.1383734
kon_xl_Q7Z4L5_D_104_Q7Z4L5_D_109,419074274.8138452
kon_xl_Q7Z4L5_D_104_Q7Z4L5_D_126,949657369.2701083
kon_xl_Q7Z4L5_D_104_Q7Z4L5_D_136,604065765.5574347
kon_xl_Q7Z4L5_D_104_Q7Z4L5_D_142,1217338.4796541617
kon_xl_Q7Z4L5_D_109_Q7Z4L5_D_136,21057566.068978444
kon_xl_Q7Z4L5_D_109_Q7Z4L5_D_142,949506513.2365909
kon_xl_Q7Z4L5_D_126_Q7Z4L5_D_136,210693912.50431794
kon_xl_Q7Z4L5_D_126_Q7Z4L5_D_148,4008535.5284287767
kon_xl_Q7Z4L5_D_126_Q7Z4L5_D_157,144493951.98930943
kon_xl_Q7Z4L5_D_126_Q7Z4L5_D_163,3067583.7781525524
kon_xl_Q7Z4L5_D_136_Q7Z4L5_D_142,862290302.0854112
kon_xl_Q7Z4L5_D_136_Q7Z4L5_D_148,981363848.9532104
kon_xl_Q7Z4L5_D_136_Q7Z4L5_D_162,40228779.39498182
kon_xl_Q7Z4L5_D_136_Q7Z4L5_D_163,620218662.3094664
kon_xl_Q7Z4L5_D_136_Q7Z4L5_D_166,289011239.5154363
kon_xl_Q7Z4L5_D_142_Q7Z4L5_D_148,202662306.73452586
kon_xl_Q7Z4L5_D_142_Q7Z4L5_D_162,20488531.434552796
kon_xl_Q7Z4L5_D_142_Q7Z4L5_D_163,558183956.5667776
kon_xl_Q7Z4L5_D_142_Q7Z4L5_D_166,907081732.3281975
kon_xl_Q7Z4L5_D_148_Q7Z4L5_D_157,37257122.274947256
kon_xl_Q7Z4L5_D_148_Q7Z4L5_D_162,899565377.0064586
kon_xl_Q7Z4L5_D_148_Q7Z4L5_D_163,553200443.3142214
kon_xl_Q7Z4L5_D_148_Q7Z4L5_D_166,623000919.2590789
kon_xl_Q7Z4L5_D_157_Q7Z4L5_D_162,632156976.9956886
kon_xl_Q7Z4L5_D_157_Q7Z4L5_D_163,807069344.5209796
kon_xl_Q7Z4L5_D_157_Q7Z4L5_D_166,16729585.90914332
kon_xl_Q7Z4L5_D_157_Q7Z4L5_D_217,176841557.85578045
kon_xl_Q7Z4L5_D_157_Q7Z4L5_D_220,183464541.50879177
kon_xl_Q7Z4L5_D_157_Q7Z4L5_D_393,73729730.47987804
kon_xl_Q7Z4L5_D_157_Q7Z4L5_D_442,121338263.35388207
kon_xl_Q7Z4L5_D_162_Q7Z4L5_D_163,31093054.761621132
kon_xl_Q7Z4L5_D_162_Q7Z4L5_D_166,383465645.36877877
kon_xl_Q7Z4L5_D_162_Q7Z4L5_D_184,542474275.6314652
kon_xl_Q7Z4L5_D_163_Q7Z4L5_D_166,18079544.66402968
kon_xl_Q7Z4L5_D_163_Q7Z4L5_D_184,139034242.7034713
kon_xl_Q7Z4L5_D_166_Q7Z4L5_D_184,617468391.3388075
kon_xl_Q7Z4L5_D_217_Q7Z4L5_D_220,23947102.318077948
kon_xl_Q7Z4L5_D_217_Q7Z4L5_D_442,38375352.97989868
kon_xl_Q7Z4L5_D_218_Q7Z4L5_D_866,1033817.3677098205
kon_xl_Q7Z4L5_D_220_Q7Z4L5_D_442,87375105.65537761
kon_xl_Q7Z4L5_D_265_Q7Z4L5_D_269,282212094.84451866
kon_xl_Q7Z4L5_D_265_Q7Z4L5_D_308,410705691.5908151
kon_xl_Q7Z4L5_D_265_Q7Z4L5_D_866,7605295.682492201
kon_xl_Q7Z4L5_D_269_Q7Z4L5_D_308,17559500.300212078
kon_xl_Q7Z4L5_D_308_Q7Z4L5_D_341,2218805.092620374
kon_xl_Q7Z4L5_D_308_Q7Z4L5_D_345,12527943.613530993
kon_xl_Q7Z4L5_D_341_Q7Z4L5_D_345,81094333.52499923
kon_xl_Q7Z4L5_D_341_Q7Z4L5_D_348,383248977.7082242
kon_xl_Q7Z4L5_D_341_Q7Z4L5_D_407,109909607.09559307
kon_xl_Q7Z4L5_D_341_Q7Z4L5_D_558,1948846.1791617023
kon_xl_Q7Z4L5_D_341_Q7Z4L5_D_603,499101204.8356564
kon_xl_Q7Z4L5_D_341_Q7Z4L5_D_605,873117531.2020969
kon_xl_Q7Z4L5_D_341_Q7Z4L5_D_608,904726138.833808
kon_xl_Q7Z4L5_D_345_Q7Z4L5_D_348,65904680.65416475
kon_xl_Q7Z4L5_D_345_Q7Z4L5_D_603,9512819.511160817
kon_xl_Q7Z4L5_D_345_Q7Z4L5_D_605,371225584.16096854
kon_xl_Q7Z4L5_D_345_Q7Z4L5_D_608,10616013.098076316
kon_xl_Q7Z4L5_D_348_Q7Z4L5_D_603,1973186.2742764018
kon_xl_Q7Z4L5_D_348_Q7Z4L5_D_605,21142329.04625448
kon_xl_Q7Z4L5_D_393_Q7Z4L5_D_408,66253831.28789513
kon_xl_Q7Z4L5_D_393_Q7Z4L5_D_410,76357647.20839132
kon_xl_Q7Z4L5_D_393_Q7Z4L5_D_442,916573655.6739852
kon_xl_Q7Z4L5_D_393_Q7Z4L5_D_754,22113301.711411417
kon_xl_Q7Z4L5_D_407_Q7Z4L5_D_408,252567797.90168363
kon_xl_Q7Z4L5_D_407_Q7Z4L5_D_410,683152066.9132075
kon_xl_Q7Z4L5_D_407_Q7Z4L5_D_500,1741793.9458635421
kon_xl_Q7Z4L5_D_407_Q7Z4L5_D_596,137726303.97368369
kon_xl_Q7Z4L5_D_407_Q7Z4L5_D_603,975891907.6773856
kon_xl_Q7Z4L5_D_407_Q7Z4L5_D_605,933276776.8974282
kon_xl_Q7Z4L5_D_407_Q7Z4L5_D_608,809138178.585616
kon_xl_Q7Z4L5_D_408_Q7Z4L5_D_410,217158920.49641898
kon_xl_Q7Z4L5_D_408_Q7Z4L5_D_596,65852138.66180062
kon_xl_Q7Z4L5_D_408_Q7Z4L5_D_603,535381653.44349295
kon_xl_Q7Z4L5_D_408_Q7Z4L5_D_605,329495701.19826084
kon_xl_Q7Z4L5_D_408_Q7Z4L5_D_608,459783272.49522877
kon_xl_Q7Z4L5_D_410_Q7Z4L5_D_603,1168280.7754299068
kon_xl_Q7Z4L5_D_410_Q7Z4L5_D_608,1866321.4619520023
kon_xl_Q7Z4L5_D_500_Q7Z4L5_D_558,44484261.78678701
kon_xl_Q7Z4L5_D_500_Q7Z4L5_D_575,4322942.251282096
kon_xl_Q7Z4L5_D_500_Q7Z4L5_D_608,690361644.3914517
kon_xl_Q7Z4L5_D_502_Q7Z4L5_D_754,2511101.170652681
kon_xl_Q7Z4L5_D_502_Q7Z4L5_D_761,544321269.2110941
kon_xl_Q7Z4L5_D_502_Q7Z4L5_D_764,96971695.62043798
kon_xl_Q7Z4L5_D_502_Q7Z4L5_D_768,1583798.287136795
kon_xl_Q7Z4L5_D_502_Q7Z4L5_D_788,67421493.69464526
kon_xl_Q7Z4L5_D_502_Q7Z4L5_D_880,2188132.433899876
kon_xl_Q7Z4L5_D_541_Q7Z4L5_D_543,81094333.52499923
kon_xl_Q7Z4L5_D_541_Q7Z4L5_D_569,161739004.76611984
kon_xl_Q7Z4L5_D_541_Q7Z4L5_D_574,507742881.2317844
kon_xl_Q7Z4L5_D_541_Q7Z4L5_D_575,807409480.4473596
kon_xl_Q7Z4L5_D_541_Q7Z4L5_D_584,1650835.3727926295
kon_xl_Q7Z4L5_D_541_Q7Z4L5_D_880,17548215.680351593
kon_xl_Q7Z4L5_D_543_Q7Z4L5_D_569,817043888.3366691
kon_xl_Q7Z4L5_D_543_Q7Z4L5_D_574,301047838.70779854
kon_xl_Q7Z4L5_D_543_Q7Z4L5_D_575,975508335.1543423
kon_xl_Q7Z4L5_D_543_Q7Z4L5_D_584,411648537.89929014
kon_xl_Q7Z4L5_D_558_Q7Z4L5_D_569,287612255.65038836
kon_xl_Q7Z4L5_D_558_Q7Z4L5_D_584,376263004.1747746
kon_xl_Q7Z4L5_D_558_Q7Z4L5_D_596,115262604.07494327
kon_xl_Q7Z4L5_D_558_Q7Z4L5_D_603,308830987.74396884
kon_xl_Q7Z4L5_D_558_Q7Z4L5_D_605,675785321.6692898
kon_xl_Q7Z4L5_D_558_Q7Z4L5_D_608,782028845.1256751
kon_xl_Q7Z4L5_D_569_Q7Z4L5_D_575,11162725.398120316
kon_xl_Q7Z4L5_D_569_Q7Z4L5_D_584,473121590.1789084
kon_xl_Q7Z4L5_D_574_Q7Z4L5_D_575,98611254.81936476
kon_xl_Q7Z4L5_D_574_Q7Z4L5_D_693,13415253.720029034
kon_xl_Q7Z4L5_D_574_Q7Z4L5_D_700,2836932.232413751
kon_xl_Q7Z4L5_D_575_Q7Z4L5_D_693,4861137.907256499
kon_xl_Q7Z4L5_D_575_Q7Z4L5_D_700,9660035.941636628
kon_xl_Q7Z4L5_D_584_Q7Z4L5_D_596,545670958.382629
kon_xl_Q7Z4L5_D_584_Q7Z4L5_D_638,463219649.6056796
kon_xl_Q7Z4L5_D_596_Q7Z4L5_D_603,999104191.9803659
kon_xl_Q7Z4L5_D_596_Q7Z4L5_D_605,938426955.163141
kon_xl_Q7Z4L5_D_596_Q7Z4L5_D_608,36478133.309451304
kon_xl_Q7Z4L5_D_596_Q7Z4L5_D_638,999421318.6174135
kon_xl_Q7Z4L5_D_603_Q7Z4L5_D_605,40890143.54031911
kon_xl_Q7Z4L5_D_603_Q7Z4L5_D_608,993804382.5964038
kon_xl_Q7Z4L5_D_605_Q7Z4L5_D_608,578033594.8337524
kon_xl_Q7Z4L5_D_693_Q7Z4L5_D_700,473121590.1789084
kon_xl_Q7Z4L5_D_693_Q7Z4L5_D_703,138132047.85393336
kon_xl_Q7Z4L5_D_693_Q7Z4L5_D_705,4502847.131120283
kon_xl_Q7Z4L5_D_693_Q7Z4L5_D_761,10181491.303321918
kon_xl_Q7Z4L5_D_693_Q7Z4L5_D_764,2171130.4610001324
kon_xl_Q7Z4L5_D_693_Q7Z4L5_D_768,1488124.2687312989
kon_xl_Q7Z4L5_D_700_Q7Z4L5_D_703,282212094.84451866
kon_xl_Q7Z4L5_D_700_Q7Z4L5_D_705,661294111.1398375
kon_xl_Q7Z4L5_D_700_Q7Z4L5_D_768,7440540.791790252
kon_xl_Q7Z4L5_D_703_Q7Z4L5_D_705,23947102.318077948
kon_xl_Q7Z4L5_D_703_Q7Z4L5_D_768,3915215.578986755
kon_xl_Q7Z4L5_D_705_Q7Z4L5_D_768,16168514.228050623
kon_xl_Q7Z4L5_D_754_Q7Z4L5_D_761,67582543.43337241
kon_xl_Q7Z4L5_D_754_Q7Z4L5_D_764,1848202.1089966865
kon_xl_Q7Z4L5_D_754_Q7Z4L5_D_784,999953612.1918216
kon_xl_Q7Z4L5_D_754_Q7Z4L5_D_788,262621919.26501337
kon_xl_Q7Z4L5_D_761_Q7Z4L5_D_764,18079544.66402968
kon_xl_Q7Z4L5_D_761_Q7Z4L5_D_768,342246720.9053176
kon_xl_Q7Z4L5_D_761_Q7Z4L5_D_788,460434830.9612247
kon_xl_Q7Z4L5_D_761_Q7Z4L5_D_801,417669857.5897907
kon_xl_Q7Z4L5_D_761_Q7Z4L5_D_803,1089595.5067650748
kon_xl_Q7Z4L5_D_761_Q7Z4L5_D_839,10122894.58413041
kon_xl_Q7Z4L5_D_764_Q7Z4L5_D_768,77480385.09790605
kon_xl_Q7Z4L5_D_764_Q7Z4L5_D_788,255897735.75446635
kon_xl_Q7Z4L5_D_764_Q7Z4L5_D_801,919354161.0017669
kon_xl_Q7Z4L5_D_764_Q7Z4L5_D_803,51783524.082755245
kon_xl_Q7Z4L5_D_764_Q7Z4L5_D_839,85984659.4498647
kon_xl_Q7Z4L5_D_764_Q7Z4L5_D_843,4394614.285417385
kon_xl_Q7Z4L5_D_768_Q7Z4L5_D_788,1030823.3259109941
kon_xl_Q7Z4L5_D_768_Q7Z4L5_D_801,886323991.2460997
kon_xl_Q7Z4L5_D_768_Q7Z4L5_D_803,267352778.2560596
kon_xl_Q7Z4L5_D_768_Q7Z4L5_D_839,52311871.23983424
kon_xl_Q7Z4L5_D_768_Q7Z4L5_D_843,12095190.912929222
kon_xl_Q7Z4L5_D_784_Q7Z4L5_D_788,741499907.6731435
kon_xl_Q7Z4L5_D_784_Q7Z4L5_D_807,862808481.3371351
kon_xl_Q7Z4L5_D_784_Q7Z4L5_D_810,924661845.5842665
kon_xl_Q7Z4L5_D_788_Q7Z4L5_D_807,100369356.14643517
kon_xl_Q7Z4L5_D_788_Q7Z4L5_D_810,52311871.23983424
kon_xl_Q7Z4L5_D_801_Q7Z4L5_D_803,81094333.52499923
kon_xl_Q7Z4L5_D_801_Q7Z4L5_D_807,14424862.168897144
kon_xl_Q7Z4L5_D_801_Q7Z4L5_D_839,603085072.2074713
kon_xl_Q7Z4L5_D_801_Q7Z4L5_D_843,299145238.38958883
kon_xl_Q7Z4L5_D_801_Q7Z4L5_D_846,63624115.18349309
kon_xl_Q7Z4L5_D_801_Q7Z4L5_D_892,179719141.91953033
kon_xl_Q7Z4L5_D_801_Q7Z4L5_D_919,33581950.48768589
kon_xl_Q7Z4L5_D_801_Q7Z4L5_D_1051,6339344.0888079535
kon_xl_Q7Z4L5_D_801_Q7Z4L5_D_1109,21104984.478126828
kon_xl_Q7Z4L5_D_801_Q7Z4L5_D_1112,633918858.1530372
kon_xl_Q7Z4L5_D_801_Q96FT9_F_155,168861043.83773568
kon_xl_Q7Z4L5_D_803_Q7Z4L5_D_807,700198076.8329775
kon_xl_Q7Z4L5_D_803_Q7Z4L5_D_810,5665726.00706745
kon_xl_Q7Z4L5_D_803_Q7Z4L5_D_839,596869266.0639808
kon_xl_Q7Z4L5_D_803_Q7Z4L5_D_843,315394538.67944103
kon_xl_Q7Z4L5_D_803_Q7Z4L5_D_846,139034242.7034713
kon_xl_Q7Z4L5_D_803_Q7Z4L5_D_892,162408365.7123398
kon_xl_Q7Z4L5_D_803_Q7Z4L5_D_919,9277741.551129662
kon_xl_Q7Z4L5_D_803_Q7Z4L5_D_1051,20204928.11057599
kon_xl_Q7Z4L5_D_803_Q7Z4L5_D_1109,68556745.03921957
kon_xl_Q7Z4L5_D_803_Q7Z4L5_D_1112,873551804.7395481
kon_xl_Q7Z4L5_D_803_Q96FT9_F_155,195610262.34871405
kon_xl_Q7Z4L5_D_807_Q7Z4L5_D_810,18079544.66402968
kon_xl_Q7Z4L5_D_807_Q7Z4L5_D_843,44971851.09661341
kon_xl_Q7Z4L5_D_807_Q7Z4L5_D_846,770643184.8832356
kon_xl_Q7Z4L5_D_810_Q7Z4L5_D_846,781935114.2196314
kon_xl_Q7Z4L5_D_839_Q7Z4L5_D_843,98611254.81936476
kon_xl_Q7Z4L5_D_839_Q7Z4L5_D_846,935590424.2090291
kon_xl_Q7Z4L5_D_839_Q7Z4L5_D_880,1135054.5591182837
kon_xl_Q7Z4L5_D_839_Q7Z4L5_D_892,609372185.6022236
kon_xl_Q7Z4L5_D_839_Q7Z4L5_D_919,949309858.0233945
kon_xl_Q7Z4L5_D_839_Q7Z4L5_D_1112,115016326.30921991
kon_xl_Q7Z4L5_D_843_Q7Z4L5_D_846,824122574.1946328
kon_xl_Q7Z4L5_D_843_Q7Z4L5_D_892,953709043.0540808
kon_xl_Q7Z4L5_D_843_Q7Z4L5_D_919,232737178.59771693
kon_xl_Q7Z4L5_D_843_Q7Z4L5_D_1109,19210820.031276375
kon_xl_Q7Z4L5_D_843_Q7Z4L5_D_1112,744688749.4783833
kon_xl_Q7Z4L5_D_843_Q7Z4L5_D_1154,6433031.15578095
kon_xl_Q7Z4L5_D_843_Q96FT9_F_155,3898989.709584105
kon_xl_Q7Z4L5_D_846_Q7Z4L5_D_892,919540259.642182
kon_xl_Q7Z4L5_D_846_Q7Z4L5_D_902,226319868.02844188
kon_xl_Q7Z4L5_D_846_Q7Z4L5_D_919,8223040.657406524
kon_xl_Q7Z4L5_D_846_Q7Z4L5_D_1112,9413543.6448848
kon_xl_Q7Z4L5_D_846_Q7Z4L5_D_1154,194532785.01854655
kon_xl_Q7Z4L5_D_866_Q7Z4L5_D_880,448118958.0707554
kon_xl_Q7Z4L5_D_866_Q7Z4L5_D_902,36478133.309451304
kon_xl_Q7Z4L5_D_866_Q7Z4L5_D_905,158481109.15835422
kon_xl_Q7Z4L5_D_880_Q7Z4L5_D_902,2615540.199052062
kon_xl_Q7Z4L5_D_880_Q7Z4L5_D_905,156163078.80132106
kon_xl_Q7Z4L5_D_880_Q7Z4L5_D_919,625453486.7599007
kon_xl_Q7Z4L5_D_892_Q7Z4L5_D_919,419722261.4250675
kon_xl_Q7Z4L5_D_892_Q7Z4L5_D_1112,35350075.89200472
kon_xl_Q7Z4L5_D_892_Q7Z4L5_D_1154,326631781.32032466
kon_xl_Q7Z4L5_D_902_Q7Z4L5_D_905,51510675.3073829
kon_xl_Q7Z4L5_D_902_Q7Z4L5_D_1154,22201786.290736277
kon_xl_Q7Z4L5_D_919_Q7Z4L5_D_982,571609584.2550985
kon_xl_Q7Z4L5_D_919_Q7Z4L5_D_1112,18823768.674929444
kon_xl_Q7Z4L5_D_919_Q96FT9_F_155,1758230.5144932745
kon_xl_Q7Z4L5_D_965_Q7Z4L5_D_1001,15422528.936457815
kon_xl_Q7Z4L5_D_965_Q7Z4L5_D_1154,2006316.9713179097
kon_xl_Q7Z4L5_D_965_Q7Z4L5_D_1181,3269382.5179723147
kon_xl_Q7Z4L5_D_965_Q7Z4L5_D_1185,201100014.67524022
kon_xl_Q7Z4L5_D_965_Q7Z4L5_D_1221,255462959.00941586
kon_xl_Q7Z4L5_D_982_Q7Z4L5_D_1014,993441051.5102832
kon_xl_Q7Z4L5_D_982_Q7Z4L5_D_1051,3284590.487036348
kon_xl_Q7Z4L5_D_982_Q96FT9_F_155,1150771.0806032608
kon_xl_Q7Z4L5_D_982_Q96FT9_F_159,10512765.72800023
kon_xl_Q7Z4L5_D_1001_Q7Z4L5_D_1221,175215966.02625844
kon_xl_Q7Z4L5_D_1001_Q7Z4L5_D_1259,989691821.1141207
kon_xl_Q7Z4L5_D_1014_Q7Z4L5_D_1020,833464082.2575803
kon_xl_Q7Z4L5_D_1014_Q7Z4L5_D_1029,333271242.0834744
kon_xl_Q7Z4L5_D_1014_Q7Z4L5_D_1048,29601608.291549943
kon_xl_Q7Z4L5_D_1020_Q7Z4L5_D_1029,272746078.4194027
kon_xl_Q7Z4L5_D_1020_Q7Z4L5_D_1048,456572280.78916985
kon_xl_Q7Z4L5_D_1020_Q7Z4L5_D_1051,595333092.4109602
kon_xl_Q7Z4L5_D_1020_Q96FT9_F_127,18717534.177835383
kon_xl_Q7Z4L5_D_1020_Q96FT9_F_141,2474597.709110899
kon_xl_Q7Z4L5_D_1020_Q96FT9_F_155,26076421.21006805
kon_xl_Q7Z4L5_D_1020_Q96FT9_F_159,193510780.7946253
kon_xl_Q7Z4L5_D_1029_Q7Z4L5_D_1048,856596252.2962697
kon_xl_Q7Z4L5_D_1029_Q7Z4L5_D_1051,10616013.098076316
kon_xl_Q7Z4L5_D_1029_Q7Z4L5_D_1259,62152320.87203744
kon_xl_Q7Z4L5_D_1029_Q96FT9_F_127,40101160.7162273
kon_xl_Q7Z4L5_D_1029_Q96FT9_F_159,1213501.8278003186
kon_xl_Q7Z4L5_D_1048_Q7Z4L5_D_1051,196430591.9813993
kon_xl_Q7Z4L5_D_1048_Q7Z4L5_D_1106,350895479.42665654
kon_xl_Q7Z4L5_D_1048_Q7Z4L5_D_1109,189266153.32529214
kon_xl_Q7Z4L5_D_1048_Q7Z4L5_D_1112,535261852.02422136
kon_xl_Q7Z4L5_D_1048_Q96FT9_F_127,276898792.7560877
kon_xl_Q7Z4L5_D_1048_Q96FT9_F_141,915513223.1283145
kon_xl_Q7Z4L5_D_1048_Q96FT9_F_155,681691525.1128215
kon_xl_Q7Z4L5_D_1048_Q96FT9_F_159,593709527.4612857
kon_xl_Q7Z4L5_D_1051_Q7Z4L5_D_1106,993493568.7668439
kon_xl_Q7Z4L5_D_1051_Q7Z4L5_D_1109,991205579.3290975
kon_xl_Q7Z4L5_D_1051_Q7Z4L5_D_1112,302812329.01443267
kon_xl_Q7Z4L5_D_1051_Q96FT9_F_141,707298953.893671
kon_xl_Q7Z4L5_D_1051_Q96FT9_F_155,65354817.301736236
kon_xl_Q7Z4L5_D_1051_Q96FT9_F_159,406631440.047058
kon_xl_Q7Z4L5_D_1093_Q7Z4L5_D_1134,842847920.3638128
kon_xl_Q7Z4L5_D_1093_Q7Z4L5_D_1136,442212095.4722047
kon_xl_Q7Z4L5_D_1093_Q7Z4L5_D_1171,104155077.12409525
kon_xl_Q7Z4L5_D_1093_Q7Z4L5_D_1198,5472170.514832087
kon_xl_Q7Z4L5_D_1093_Q7Z4L5_D_1232,308900321.33018523
kon_xl_Q7Z4L5_D_1093_Q7Z4L5_D_1271,32319358.84384522
kon_xl_Q7Z4L5_D_1093_Q7Z4L5_D_1301,44104752.80255555
kon_xl_Q7Z4L5_D_1093_Q96FT9_F_127,48489649.97084068
kon_xl_Q7Z4L5_D_1106_Q7Z4L5_D_1109,51510675.3073829
kon_xl_Q7Z4L5_D_1106_Q7Z4L5_D_1112,981523986.7009898
kon_xl_Q7Z4L5_D_1106_Q7Z4L5_D_1134,57448484.10977753
kon_xl_Q7Z4L5_D_1106_Q7Z4L5_D_1136,1449761.854960074
kon_xl_Q7Z4L5_D_1106_Q96FT9_F_141,790178969.8641133
kon_xl_Q7Z4L5_D_1106_Q96FT9_F_155,849107062.5661798
kon_xl_Q7Z4L5_D_1106_Q96FT9_F_159,133809477.17608245
kon_xl_Q7Z4L5_D_1109_Q7Z4L5_D_1112,393049927.85369945
kon_xl_Q7Z4L5_D_1109_Q7Z4L5_D_1134,1867506.4808156404
kon_xl_Q7Z4L5_D_1109_Q96FT9_F_141,259371711.24700817
kon_xl_Q7Z4L5_D_1109_Q96FT9_F_155,807125660.4881283
kon_xl_Q7Z4L5_D_1109_Q96FT9_F_159,104301751.81283517
kon_xl_Q7Z4L5_D_1112_Q96FT9_F_141,2791121.7381610414
kon_xl_Q7Z4L5_D_1112_Q96FT9_F_155,518443498.9907185
kon_xl_Q7Z4L5_D_1112_Q96FT9_F_159,873342018.8591423
kon_xl_Q7Z4L5_D_1134_Q7Z4L5_D_1136,252567797.90168363
kon_xl_Q7Z4L5_D_1134_Q7Z4L5_D_1171,872443921.5287178
kon_xl_Q7Z4L5_D_1134_Q7Z4L5_D_1198,208931002.14517096
kon_xl_Q7Z4L5_D_1134_Q7Z4L5_D_1232,15001064.529673295
kon_xl_Q7Z4L5_D_1136_Q7Z4L5_D_1171,585409626.1807798
kon_xl_Q7Z4L5_D_1136_Q7Z4L5_D_1198,5227240.9831768805
kon_xl_Q7Z4L5_D_1154_Q7Z4L5_D_1181,426835663.0961957
kon_xl_Q7Z4L5_D_1154_Q7Z4L5_D_1185,989219569.4385146
kon_xl_Q7Z4L5_D_1171_Q7Z4L5_D_1181,24078685.736564856
kon_xl_Q7Z4L5_D_1171_Q7Z4L5_D_1212,117123572.4763894
kon_xl_Q7Z4L5_D_1171_Q7Z4L5_D_1232,18330718.2640053
kon_xl_Q7Z4L5_D_1171_Q7Z4L5_D_1243,9550218.401791159
kon_xl_Q7Z4L5_D_1181_Q7Z4L5_D_1185,39613304.909649275
kon_xl_Q7Z4L5_D_1181_Q7Z4L5_D_1212,789912009.618421
kon_xl_Q7Z4L5_D_1181_Q7Z4L5_D_1221,533420797.1177532
kon_xl_Q7Z4L5_D_1185_Q7Z4L5_D_1212,607749680.5251582
kon_xl_Q7Z4L5_D_1185_Q7Z4L5_D_1221,693834453.4115499
kon_xl_Q7Z4L5_D_1198_Q7Z4L5_D_1232,343527636.3864595
kon_xl_Q7Z4L5_D_1198_Q7Z4L5_D_1259,3869297.705498315
kon_xl_Q7Z4L5_D_1198_Q7Z4L5_D_1271,1486907.6012698717
kon_xl_Q7Z4L5_D_1212_Q7Z4L5_D_1221,111581517.97737153
kon_xl_Q7Z4L5_D_1212_Q7Z4L5_D_1243,1000000000.0
kon_xl_Q7Z4L5_D_1221_Q7Z4L5_D_1243,13810292.885738194
kon_xl_Q7Z4L5_D_1221_Q7Z4L5_D_1259,56589832.03072421
kon_xl_Q7Z4L5_D_1232_Q7Z4L5_D_1259,93278209.28140374
kon_xl_Q7Z4L5_D_1232_Q7Z4L5_D_1271,577327668.071286
kon_xl_Q7Z4L5_D_1232_Q7Z4L5_D_1301,4671751.144551428
kon_xl_Q7Z4L5_D_1232_Q96FT9_F_127,7879255.927933044
kon_xl_Q7Z4L5_D_1243_Q7Z4L5_D_1271,994374087.7040433
kon_xl_Q7Z4L5_D_1243_Q7Z4L5_D_1278,974952807.5617211
kon_xl_Q7Z4L5_D_1243_Q7Z4L5_D_1280,176203883.7253195
kon_xl_Q7Z4L5_D_1243_Q7Z4L5_D_1301,179376638.49472207
kon_xl_Q7Z4L5_D_1243_Q7Z4L5_D_1304,3542375.6412981763
kon_xl_Q7Z4L5_D_1243_Q7Z4L5_D_1309,105730341.12723066
kon_xl_Q7Z4L5_D_1259_Q7Z4L5_D_1280,1568558.9281987883
kon_xl_Q7Z4L5_D_1259_Q96FT9_F_127,26076421.21006805
kon_xl_Q7Z4L5_D_1271_Q7Z4L5_D_1278,767383295.805896
kon_xl_Q7Z4L5_D_1271_Q7Z4L5_D_1280,11067321.906313075
kon_xl_Q7Z4L5_D_1271_Q7Z4L5_D_1301,923047622.6713325
kon_xl_Q7Z4L5_D_1271_Q7Z4L5_D_1304,82239180.25212182
kon_xl_Q7Z4L5_D_1271_Q7Z4L5_D_1309,236633355.80033684
kon_xl_Q7Z4L5_D_1278_Q7Z4L5_D_1280,51510675.3073829
kon_xl_Q7Z4L5_D_1278_Q7Z4L5_D_1301,444868046.57277083
kon_xl_Q7Z4L5_D_1278_Q7Z4L5_D_1304,935307098.0554391
kon_xl_Q7Z4L5_D_1278_Q7Z4L5_D_1309,267471172.80580273
kon_xl_Q7Z4L5_D_1280_Q7Z4L5_D_1301,3602248.7649180084
kon_xl_Q7Z4L5_D_1280_Q7Z4L5_D_1304,387670686.0003073
kon_xl_Q7Z4L5_D_1280_Q7Z4L5_D_1309,439841766.4106236
kon_xl_Q7Z4L5_D_1301_Q7Z4L5_D_1304,39613304.909649275
kon_xl_Q7Z4L5_D_1301_Q7Z4L5_D_1309,957945349.1853651
kon_xl_Q7Z4L5_D_1304_Q7Z4L5_D_1309,405973669.77461195
kon_xl_Q96RY7_E_453_Q96RY7_E_512,25037821.556949604
kon_xl_Q96RY7_E_453_Q96RY7_E_770,686544400.4176191
kon_xl_Q96RY7_E_512_Q96RY7_E_544,4190100.9600970703
kon_xl_Q96RY7_E_512_Q96RY7_E_554,941179158.327908
kon_xl_Q96RY7_E_544_Q96RY7_E_554,999872108.1832523
kon_xl_Q96RY7_E_598_Q96RY7_E_615,263514492.26823243
kon_xl_Q96RY7_E_598_Q96RY7_E_644,998843288.961249
kon_xl_Q96RY7_E_615_Q96RY7_E_644,24257713.271948818
kon_xl_Q96RY7_E_615_Q96RY7_E_813,18436073.470813993
kon_xl_Q96RY7_E_644_Q96RY7_E_813,46397030.560942784
kon_xl_Q96RY7_E_644_Q96RY7_E_868,2027334.5218562114
kon_xl_Q96RY7_E_770_Q96RY7_E_793,394345389.5528293
kon_xl_Q96RY7_E_770_Q96RY7_E_796,323005255.59460044
kon_xl_Q96RY7_E_770_Q96RY7_E_799,753295914.0990864
kon_xl_Q96RY7_E_793_Q96RY7_E_796,65354817.301736236
kon_xl_Q96RY7_E_793_Q96RY7_E_799,999808939.2535456
kon_xl_Q96RY7_E_793_Q96RY7_E_821,215061108.99179417
kon_xl_Q96RY7_E_796_Q96RY7_E_799,401658559.4970509
kon_xl_Q96RY7_E_796_Q96RY7_E_821,336236110.0474686
kon_xl_Q96RY7_E_799_Q96RY7_E_821,43152118.24613092
kon_xl_Q96RY7_E_813_Q96RY7_E_868,814801772.0291494
kon_xl_Q96RY7_E_813_Q96RY7_E_870,47071085.54229575
kon_xl_Q96RY7_E_868_Q96RY7_E_870,310351124.2462369
kon_xl_Q96RY7_E_870_Q96RY7_E_877,65694471.57592316
kon_xl_Q96RY7_E_926_Q96RY7_E_951,945509546.7017655
kon_xl_Q96RY7_E_926_Q96RY7_E_953,993116174.5709195
kon_xl_Q96RY7_E_926_Q96RY7_E_955,729767712.1822377
kon_xl_Q96RY7_E_951_Q96RY7_E_953,39613304.909649275
kon_xl_Q96RY7_E_951_Q96RY7_E_955,851640876.2955686
kon_xl_Q96RY7_E_953_Q96RY7_E_955,406163283.870039
kon_xl_Q96RY7_E_1040_Q96RY7_E_1047,399056129.5138687
kon_xl_Q96RY7_E_1040_Q96RY7_E_1077,110322196.58339024
kon_xl_Q96RY7_E_1040_Q96RY7_E_1090,129899649.7942114
kon_xl_Q96RY7_E_1040_Q96RY7_E_1096,2907147.4857253
kon_xl_Q96RY7_E_1047_Q96RY7_E_1077,996900536.2280054
kon_xl_Q96RY7_E_1047_Q96RY7_E_1096,11196667.113714874
kon_xl_Q96RY7_E_1077_Q96RY7_E_1096,284964918.6258522
kon_xl_Q96RY7_E_1090_Q96RY7_E_1096,1393049.383938493
kon_xl_Q96FT9_F_127_Q96FT9_F_141,14769954.782638287
kon_xl_Q96FT9_F_141_Q96FT9_F_155,151666644.67568824
kon_xl_Q96FT9_F_141_Q96FT9_F_159,254431190.11104345
kon_xl_Q96FT9_F_155_Q96FT9_F_159,51510675.3073829
