Euclidean,PDBFile,SASD,AminoAcid1,Pos1,Chain1,AminoAcid2,Pos2,Chain2,UniprotID1,UniprotID_Full1,UniprotID2,UniprotID_Full2
30.9050200615,eg5_3wpn.pdb,39.8768572618,LYS,15,A,LYS,157,A,P52732,sp|P52732|KIF11_HUMAN,P52732,sp|P52732|KIF11_HUMAN
34.3698510471,eg5_3wpn.pdb,40.0826162637,LYS,220,A,LYS,246,A,P52732,sp|P52732|KIF11_HUMAN,P52732,sp|P52732|KIF11_HUMAN
15.6991791187,eg5_3wpn.pdb,20.9112888493,LYS,15,A,LYS,357,A,P52732,sp|P52732|KIF11_HUMAN,P52732,sp|P52732|KIF11_HUMAN
14.0714475446,eg5_3wpn.pdb,25.8570695839,LYS,48,A,LYS,64,A,P52732,sp|P52732|KIF11_HUMAN,P52732,sp|P52732|KIF11_HUMAN
30.0051257954,eg5_3wpn.pdb,34.3740661745,LYS,48,A,LYS,146,A,P52732,sp|P52732|KIF11_HUMAN,P52732,sp|P52732|KIF11_HUMAN
17.2578074216,eg5_3wpn.pdb,33.7770811563,LYS,17,A,LYS,260,A,P52732,sp|P52732|KIF11_HUMAN,P52732,sp|P52732|KIF11_HUMAN
24.3654975939,eg5_3wpn.pdb,26.2153655811,LYS,15,A,LYS,48,A,P52732,sp|P52732|KIF11_HUMAN,P52732,sp|P52732|KIF11_HUMAN
26.6818226326,eg5_3wpn.pdb,29.7650244794,LYS,197,A,LYS,246,A,P52732,sp|P52732|KIF11_HUMAN,P52732,sp|P52732|KIF11_HUMAN
27.349259405,eg5_3wpn.pdb,35.2117885143,LYS,197,A,LYS,362,A,P52732,sp|P52732|KIF11_HUMAN,P52732,sp|P52732|KIF11_HUMAN
26.2164666765,eg5_3wpn.pdb,30.5366278027,LYS,17,A,LYS,64,A,P52732,sp|P52732|KIF11_HUMAN,P52732,sp|P52732|KIF11_HUMAN
14.7733081265,eg5_3wpn.pdb,26.2038175892,LYS,246,A,LYS,260,A,P52732,sp|P52732|KIF11_HUMAN,P52732,sp|P52732|KIF11_HUMAN
23.6139507495,eg5_3wpn.pdb,30.5324738685,LYS,34,A,LYS,60,A,P52732,sp|P52732|KIF11_HUMAN,P52732,sp|P52732|KIF11_HUMAN
25.2955002718,eg5_3wpn.pdb,30.914779269,LYS,146,A,LYS,362,A,P52732,sp|P52732|KIF11_HUMAN,P52732,sp|P52732|KIF11_HUMAN
20.861766488,eg5_3wpn.pdb,32.4825858157,LYS,146,A,LYS,368,A,P52732,sp|P52732|KIF11_HUMAN,P52732,sp|P52732|KIF11_HUMAN
9.80651895425,eg5_3wpn.pdb,16.497075287,LYS,246,A,LYS,368,A,P52732,sp|P52732|KIF11_HUMAN,P52732,sp|P52732|KIF11_HUMAN
26.6641167677,eg5_3wpn.pdb,31.7178072571,LYS,191,A,LYS,246,A,P52732,sp|P52732|KIF11_HUMAN,P52732,sp|P52732|KIF11_HUMAN
17.0728862821,eg5_3wpn.pdb,21.7397159741,LYS,64,A,LYS,357,A,P52732,sp|P52732|KIF11_HUMAN,P52732,sp|P52732|KIF11_HUMAN
23.2094742077,eg5_3wpn.pdb,36.363178958,LYS,77,A,LYS,357,A,P52732,sp|P52732|KIF11_HUMAN,P52732,sp|P52732|KIF11_HUMAN
27.8334634927,eg5_3wpn.pdb,30.216119727,LYS,15,A,LYS,246,A,P52732,sp|P52732|KIF11_HUMAN,P52732,sp|P52732|KIF11_HUMAN
33.939365109,eg5_3wpn.pdb,41.9828401582,LYS,34,A,LYS,220,A,P52732,sp|P52732|KIF11_HUMAN,P52732,sp|P52732|KIF11_HUMAN
6.94432610121,eg5_3wpn.pdb,10.2045465471,LYS,216,A,LYS,220,A,P52732,sp|P52732|KIF11_HUMAN,P52732,sp|P52732|KIF11_HUMAN
20.1121179641,eg5_3wpn.pdb,37.6409346498,LYS,220,A,LYS,315,A,P52732,sp|P52732|KIF11_HUMAN,P52732,sp|P52732|KIF11_HUMAN
29.1312092437,eg5_3wpn.pdb,37.5504537594,LYS,146,A,LYS,357,A,P52732,sp|P52732|KIF11_HUMAN,P52732,sp|P52732|KIF11_HUMAN
22.3519922378,eg5_3wpn.pdb,24.2038175892,LYS,15,A,LYS,191,A,P52732,sp|P52732|KIF11_HUMAN,P52732,sp|P52732|KIF11_HUMAN
26.0985998858,eg5_3wpn.pdb,41.3650549274,LYS,191,A,LYS,357,A,P52732,sp|P52732|KIF11_HUMAN,P52732,sp|P52732|KIF11_HUMAN
22.8959296383,eg5_3wpn.pdb,36.9139596798,LYS,48,A,LYS,60,A,P52732,sp|P52732|KIF11_HUMAN,P52732,sp|P52732|KIF11_HUMAN
29.2762779738,eg5_3wpn.pdb,37.1320208195,LYS,60,A,LYS,357,A,P52732,sp|P52732|KIF11_HUMAN,P52732,sp|P52732|KIF11_HUMAN
14.7762787264,eg5_3wpn.pdb,19.0040629117,LYS,146,A,LYS,257,A,P52732,sp|P52732|KIF11_HUMAN,P52732,sp|P52732|KIF11_HUMAN
18.932676356,eg5_3wpn.pdb,25.0815374346,LYS,197,A,LYS,220,A,P52732,sp|P52732|KIF11_HUMAN,P52732,sp|P52732|KIF11_HUMAN
26.6262011936,eg5_3wpn.pdb,32.5332280143,LYS,77,A,LYS,216,A,P52732,sp|P52732|KIF11_HUMAN,P52732,sp|P52732|KIF11_HUMAN
31.2598717368,eg5_3wpn.pdb,35.8407045344,LYS,15,A,LYS,64,A,P52732,sp|P52732|KIF11_HUMAN,P52732,sp|P52732|KIF11_HUMAN
23.0363337578,eg5_3wpn.pdb,29.4636840214,LYS,34,A,LYS,77,A,P52732,sp|P52732|KIF11_HUMAN,P52732,sp|P52732|KIF11_HUMAN
23.6115144156,eg5_3wpn.pdb,26.8570695839,LYS,77,A,LYS,207,A,P52732,sp|P52732|KIF11_HUMAN,P52732,sp|P52732|KIF11_HUMAN
21.1824005486,eg5_3wpn.pdb,39.7751145556,LYS,191,A,LYS,257,A,P52732,sp|P52732|KIF11_HUMAN,P52732,sp|P52732|KIF11_HUMAN
17.1622167857,eg5_3wpn.pdb,24.049470459,LYS,48,A,LYS,77,A,P52732,sp|P52732|KIF11_HUMAN,P52732,sp|P52732|KIF11_HUMAN
30.7215863197,eg5_3wpn.pdb,39.0691263992,LYS,64,A,LYS,362,A,P52732,sp|P52732|KIF11_HUMAN,P52732,sp|P52732|KIF11_HUMAN
26.5459153167,eg5_3wpn.pdb,31.0491590949,LYS,17,A,LYS,246,A,P52732,sp|P52732|KIF11_HUMAN,P52732,sp|P52732|KIF11_HUMAN
28.5529996498,eg5_3wpn.pdb,33.0241619537,LYS,15,A,LYS,146,A,P52732,sp|P52732|KIF11_HUMAN,P52732,sp|P52732|KIF11_HUMAN
17.2937489284,eg5_3wpn.pdb,42.1033125258,LYS,207,A,LYS,260,A,P52732,sp|P52732|KIF11_HUMAN,P52732,sp|P52732|KIF11_HUMAN
15.5149419915,eg5_3wpn.pdb,26.4230911837,LYS,207,A,LYS,216,A,P52732,sp|P52732|KIF11_HUMAN,P52732,sp|P52732|KIF11_HUMAN
20.1899198859,eg5_3wpn.pdb,22.3623840969,LYS,191,A,LYS,368,A,P52732,sp|P52732|KIF11_HUMAN,P52732,sp|P52732|KIF11_HUMAN
15.3121530165,eg5_3wpn.pdb,27.4428560216,LYS,260,A,LYS,362,A,P52732,sp|P52732|KIF11_HUMAN,P52732,sp|P52732|KIF11_HUMAN
19.4354425985,eg5_3wpn.pdb,23.2195195153,LYS,157,A,LYS,368,A,P52732,sp|P52732|KIF11_HUMAN,P52732,sp|P52732|KIF11_HUMAN
34.4096086145,eg5_3wpn.pdb,40.8611553357,LYS,48,A,LYS,257,A,P52732,sp|P52732|KIF11_HUMAN,P52732,sp|P52732|KIF11_HUMAN
21.1271163437,eg5_3wpn.pdb,42.2351556069,LYS,207,A,LYS,257,A,P52732,sp|P52732|KIF11_HUMAN,P52732,sp|P52732|KIF11_HUMAN
35.4501372917,eg5_3wpn.pdb,43.4901395382,LYS,216,A,LYS,368,A,P52732,sp|P52732|KIF11_HUMAN,P52732,sp|P52732|KIF11_HUMAN
16.3317239139,eg5_3wpn.pdb,38.518738543,LYS,146,A,LYS,157,A,P52732,sp|P52732|KIF11_HUMAN,P52732,sp|P52732|KIF11_HUMAN
38.9899889844,eg5_3wpn.pdb,43.6751611716,LYS,48,A,LYS,246,A,P52732,sp|P52732|KIF11_HUMAN,P52732,sp|P52732|KIF11_HUMAN
12.4607350505,eg5_3wpn.pdb,18.8614007966,LYS,60,A,LYS,64,A,P52732,sp|P52732|KIF11_HUMAN,P52732,sp|P52732|KIF11_HUMAN
18.1689251746,eg5_3wpn.pdb,19.3412043378,LYS,197,A,LYS,260,A,P52732,sp|P52732|KIF11_HUMAN,P52732,sp|P52732|KIF11_HUMAN
24.2254539896,eg5_3wpn.pdb,29.4230911837,LYS,246,A,LYS,362,A,P52732,sp|P52732|KIF11_HUMAN,P52732,sp|P52732|KIF11_HUMAN
16.8610257695,eg5_3wpn.pdb,19.8823780892,LYS,191,A,LYS,362,A,P52732,sp|P52732|KIF11_HUMAN,P52732,sp|P52732|KIF11_HUMAN
22.3774754832,eg5_3wpn.pdb,39.1394400652,LYS,216,A,LYS,260,A,P52732,sp|P52732|KIF11_HUMAN,P52732,sp|P52732|KIF11_HUMAN
16.2901341001,eg5_3wpn.pdb,25.0088776213,LYS,191,A,LYS,315,A,P52732,sp|P52732|KIF11_HUMAN,P52732,sp|P52732|KIF11_HUMAN
15.0035341503,eg5_3wpn.pdb,18.9221078834,LYS,157,A,LYS,246,A,P52732,sp|P52732|KIF11_HUMAN,P52732,sp|P52732|KIF11_HUMAN
33.7237117026,eg5_3wpn.pdb,43.1689025047,LYS,246,A,LYS,357,A,P52732,sp|P52732|KIF11_HUMAN,P52732,sp|P52732|KIF11_HUMAN
18.7280130553,eg5_3wpn.pdb,23.4505870225,LYS,362,A,LYS,368,A,P52732,sp|P52732|KIF11_HUMAN,P52732,sp|P52732|KIF11_HUMAN
18.4980264082,eg5_3wpn.pdb,20.7758435134,LYS,17,A,LYS,48,A,P52732,sp|P52732|KIF11_HUMAN,P52732,sp|P52732|KIF11_HUMAN
19.4176677796,eg5_3wpn.pdb,28.3048061496,LYS,157,A,LYS,220,A,P52732,sp|P52732|KIF11_HUMAN,P52732,sp|P52732|KIF11_HUMAN
24.259386843,eg5_3wpn.pdb,29.9496943535,LYS,48,A,LYS,362,A,P52732,sp|P52732|KIF11_HUMAN,P52732,sp|P52732|KIF11_HUMAN
25.1087521195,eg5_3wpn.pdb,40.2247948819,LYS,64,A,LYS,77,A,P52732,sp|P52732|KIF11_HUMAN,P52732,sp|P52732|KIF11_HUMAN
9.66085472409,eg5_3wpn.pdb,13.3009228642,LYS,157,A,LYS,260,A,P52732,sp|P52732|KIF11_HUMAN,P52732,sp|P52732|KIF11_HUMAN
28.5153081169,eg5_3wpn.pdb,41.2886459145,LYS,77,A,LYS,220,A,P52732,sp|P52732|KIF11_HUMAN,P52732,sp|P52732|KIF11_HUMAN
12.300849808,eg5_3wpn.pdb,23.8360922913,LYS,146,A,LYS,207,A,P52732,sp|P52732|KIF11_HUMAN,P52732,sp|P52732|KIF11_HUMAN
25.8103972267,eg5_3wpn.pdb,27.9400877743,LYS,197,A,LYS,368,A,P52732,sp|P52732|KIF11_HUMAN,P52732,sp|P52732|KIF11_HUMAN
22.4630739437,eg5_3wpn.pdb,31.2153907691,LYS,17,A,LYS,191,A,P52732,sp|P52732|KIF11_HUMAN,P52732,sp|P52732|KIF11_HUMAN
13.7738705526,eg5_3wpn.pdb,25.7301093949,LYS,357,A,LYS,362,A,P52732,sp|P52732|KIF11_HUMAN,P52732,sp|P52732|KIF11_HUMAN
21.7917271918,eg5_3wpn.pdb,25.1792380418,LYS,15,A,LYS,368,A,P52732,sp|P52732|KIF11_HUMAN,P52732,sp|P52732|KIF11_HUMAN
7.30267800194,eg5_3wpn.pdb,10.9378098095,LYS,15,A,LYS,17,A,P52732,sp|P52732|KIF11_HUMAN,P52732,sp|P52732|KIF11_HUMAN
26.8493825069,eg5_3wpn.pdb,41.9014368092,LYS,17,A,LYS,157,A,P52732,sp|P52732|KIF11_HUMAN,P52732,sp|P52732|KIF11_HUMAN
24.5299924378,eg5_3wpn.pdb,30.1681483588,LYS,77,A,LYS,146,A,P52732,sp|P52732|KIF11_HUMAN,P52732,sp|P52732|KIF11_HUMAN
6.94462475588,eg5_3wpn.pdb,7.0696528906,LYS,15,A,LYS,362,A,P52732,sp|P52732|KIF11_HUMAN,P52732,sp|P52732|KIF11_HUMAN
21.3467150869,eg5_3wpn.pdb,31.5597489745,LYS,15,A,LYS,260,A,P52732,sp|P52732|KIF11_HUMAN,P52732,sp|P52732|KIF11_HUMAN
15.7493600505,eg5_3wpn.pdb,19.0405928377,LYS,157,A,LYS,197,A,P52732,sp|P52732|KIF11_HUMAN,P52732,sp|P52732|KIF11_HUMAN
13.0497283497,eg5_3wpn.pdb,15.5607892964,LYS,48,A,LYS,357,A,P52732,sp|P52732|KIF11_HUMAN,P52732,sp|P52732|KIF11_HUMAN
26.8265717154,eg5_3wpn.pdb,42.2637957182,LYS,197,A,LYS,207,A,P52732,sp|P52732|KIF11_HUMAN,P52732,sp|P52732|KIF11_HUMAN
15.3715944196,eg5_3wpn.pdb,20.1197434098,LYS,260,A,LYS,368,A,P52732,sp|P52732|KIF11_HUMAN,P52732,sp|P52732|KIF11_HUMAN
16.1857273856,eg5_3wpn.pdb,25.7505350081,LYS,157,A,LYS,216,A,P52732,sp|P52732|KIF11_HUMAN,P52732,sp|P52732|KIF11_HUMAN
35.9287550717,eg5_3wpn.pdb,40.1414066659,LYS,34,A,LYS,216,A,P52732,sp|P52732|KIF11_HUMAN,P52732,sp|P52732|KIF11_HUMAN
30.146414198,eg5_3wpn.pdb,36.0076651665,LYS,60,A,LYS,77,A,P52732,sp|P52732|KIF11_HUMAN,P52732,sp|P52732|KIF11_HUMAN
14.0638565479,eg5_3wpn.pdb,27.3676594635,LYS,197,A,LYS,315,A,P52732,sp|P52732|KIF11_HUMAN,P52732,sp|P52732|KIF11_HUMAN
19.3822176492,eg5_3wpn.pdb,41.5939351011,LYS,260,A,LYS,315,A,P52732,sp|P52732|KIF11_HUMAN,P52732,sp|P52732|KIF11_HUMAN
23.3885704993,eg5_3wpn.pdb,28.6404233655,LYS,157,A,LYS,191,A,P52732,sp|P52732|KIF11_HUMAN,P52732,sp|P52732|KIF11_HUMAN
24.0740003323,eg5_3wpn.pdb,41.11433148,LYS,220,A,LYS,260,A,P52732,sp|P52732|KIF11_HUMAN,P52732,sp|P52732|KIF11_HUMAN
20.4443771732,eg5_3wpn.pdb,26.7908164817,LYS,17,A,LYS,257,A,P52732,sp|P52732|KIF11_HUMAN,P52732,sp|P52732|KIF11_HUMAN
30.5625526094,eg5_3wpn.pdb,37.2426159591,LYS,216,A,LYS,246,A,P52732,sp|P52732|KIF11_HUMAN,P52732,sp|P52732|KIF11_HUMAN
6.09720107918,eg5_3wpn.pdb,10.0405928377,LYS,17,A,LYS,362,A,P52732,sp|P52732|KIF11_HUMAN,P52732,sp|P52732|KIF11_HUMAN
24.8299101891,eg5_3wpn.pdb,36.099710271,LYS,157,A,LYS,362,A,P52732,sp|P52732|KIF11_HUMAN,P52732,sp|P52732|KIF11_HUMAN
18.4403860589,eg5_3wpn.pdb,21.3862094985,LYS,191,A,LYS,260,A,P52732,sp|P52732|KIF11_HUMAN,P52732,sp|P52732|KIF11_HUMAN
22.4483936842,eg5_3wpn.pdb,40.5108358004,LYS,315,A,LYS,362,A,P52732,sp|P52732|KIF11_HUMAN,P52732,sp|P52732|KIF11_HUMAN
12.231428453,eg5_3wpn.pdb,27.6549128368,LYS,157,A,LYS,207,A,P52732,sp|P52732|KIF11_HUMAN,P52732,sp|P52732|KIF11_HUMAN
21.6791037638,eg5_3wpn.pdb,25.9577771137,LYS,15,A,LYS,257,A,P52732,sp|P52732|KIF11_HUMAN,P52732,sp|P52732|KIF11_HUMAN
27.392470407,eg5_3wpn.pdb,38.5927226463,LYS,207,A,LYS,368,A,P52732,sp|P52732|KIF11_HUMAN,P52732,sp|P52732|KIF11_HUMAN
13.9286589089,eg5_3wpn.pdb,21.0341861267,LYS,146,A,LYS,246,A,P52732,sp|P52732|KIF11_HUMAN,P52732,sp|P52732|KIF11_HUMAN
9.76182621234,eg5_3wpn.pdb,14.0603576755,LYS,17,A,LYS,357,A,P52732,sp|P52732|KIF11_HUMAN,P52732,sp|P52732|KIF11_HUMAN
16.3149117068,eg5_3wpn.pdb,23.6802213421,LYS,191,A,LYS,197,A,P52732,sp|P52732|KIF11_HUMAN,P52732,sp|P52732|KIF11_HUMAN
17.6657438281,eg5_3wpn.pdb,25.1647485705,LYS,257,A,LYS,362,A,P52732,sp|P52732|KIF11_HUMAN,P52732,sp|P52732|KIF11_HUMAN
27.8265451862,eg5_3wpn.pdb,39.0275617421,LYS,257,A,LYS,357,A,P52732,sp|P52732|KIF11_HUMAN,P52732,sp|P52732|KIF11_HUMAN
27.4330949402,eg5_3wpn.pdb,38.0706502181,LYS,17,A,LYS,77,A,P52732,sp|P52732|KIF11_HUMAN,P52732,sp|P52732|KIF11_HUMAN
6.57072157377,eg5_3wpn.pdb,22.7505350081,LYS,257,A,LYS,368,A,P52732,sp|P52732|KIF11_HUMAN,P52732,sp|P52732|KIF11_HUMAN
19.8344102257,eg5_3wpn.pdb,28.1148605177,LYS,207,A,LYS,246,A,P52732,sp|P52732|KIF11_HUMAN,P52732,sp|P52732|KIF11_HUMAN
6.65135940993,eg5_3wpn.pdb,7.74165738677,LYS,246,A,LYS,257,A,P52732,sp|P52732|KIF11_HUMAN,P52732,sp|P52732|KIF11_HUMAN
21.5683481982,eg5_3wpn.pdb,36.8618842935,LYS,207,A,LYS,220,A,P52732,sp|P52732|KIF11_HUMAN,P52732,sp|P52732|KIF11_HUMAN
34.6100418954,eg5_3wpn.pdb,42.9636041597,LYS,48,A,LYS,207,A,P52732,sp|P52732|KIF11_HUMAN,P52732,sp|P52732|KIF11_HUMAN
26.1977278404,eg5_3wpn.pdb,39.9300636013,LYS,34,A,LYS,64,A,P52732,sp|P52732|KIF11_HUMAN,P52732,sp|P52732|KIF11_HUMAN
34.1610457832,eg5_3wpn.pdb,41.5125317522,LYS,15,A,LYS,197,A,P52732,sp|P52732|KIF11_HUMAN,P52732,sp|P52732|KIF11_HUMAN
30.9990254202,eg5_3wpn.pdb,41.9058769196,LYS,357,A,LYS,368,A,P52732,sp|P52732|KIF11_HUMAN,P52732,sp|P52732|KIF11_HUMAN
26.3942461343,eg5_3wpn.pdb,41.3758739614,LYS,146,A,LYS,216,A,P52732,sp|P52732|KIF11_HUMAN,P52732,sp|P52732|KIF11_HUMAN
24.4334975597,eg5_3wpn.pdb,28.606548603,LYS,17,A,LYS,146,A,P52732,sp|P52732|KIF11_HUMAN,P52732,sp|P52732|KIF11_HUMAN
14.3113182132,eg5_3wpn.pdb,43.0424029726,LYS,157,A,LYS,257,A,P52732,sp|P52732|KIF11_HUMAN,P52732,sp|P52732|KIF11_HUMAN
10.1305877914,eg5_3wpn.pdb,37.5939351011,LYS,257,A,LYS,260,A,P52732,sp|P52732|KIF11_HUMAN,P52732,sp|P52732|KIF11_HUMAN
21.0521377774,eg5_3wpn.pdb,30.0689239327,LYS,197,A,LYS,216,A,P52732,sp|P52732|KIF11_HUMAN,P52732,sp|P52732|KIF11_HUMAN
22.6781543782,eg5_3wpn.pdb,27.129833486,LYS,17,A,LYS,368,A,P52732,sp|P52732|KIF11_HUMAN,P52732,sp|P52732|KIF11_HUMAN
